Low,Mid,High,LowAverage,MidAverage,HighAverage,MaxWealth,MinWealth,Gini
0.28,0.455,0.265,15.452475,33.28365,54.20712,68.33821,4.48703,26.193399820185732
0.275,0.565,0.16,20.898256,44.578373,66.37183,93.06351,2.48703,24.161957253847504
0.31,0.6,0.09,27.975597,57.667397,79.00747,118.398224,0.48703003,22.87919272506042
0.24,0.645,0.115,29.518265,63.49133,88.98095,128.38841,2.668611,22.080664676308515
0.245,0.59,0.165,32.69604,69.292984,97.82723,138.32828,3.719736,21.940963516302872
0.26,0.615,0.125,35.271713,76.94352,106.3705,155.40631,1.8054194,22.66258043932612
0.27,0.61,0.12,36.940094,82.22924,114.60108,168.69836,5.8815565,23.555082702747313
0.27,0.57,0.16,37.0419,84.18851,120.87397,172.40532,6.0,24.534623828192707
0.26,0.51,0.23,37.154137,82.47792,125.48441,171.40532,7.3165636,25.095345755922608
0.275,0.55,0.175,39.23139,89.48971,126.62257,186.12115,10.153194,25.4564624283812
0.34,0.53,0.13,42.28034,98.64115,131.4828,201.0577,11.102762,26.849556890199892
0.37,0.5,0.13,43.70014,103.13274,137.5433,211.93405,7.0,27.991199010721175
0.385,0.515,0.1,44.236225,108.91094,143.00586,222.91966,2.0,29.010825253928488
0.39,0.495,0.115,43.757893,109.28849,144.41821,220.90434,2.0,29.6524156140149
0.43,0.47,0.1,45.867588,113.913124,143.03148,231.93378,0.8243203,30.48781207974753
0.47,0.435,0.095,48.10594,119.38802,146.4586,241.79724,2.0,31.169303537761156
0.49,0.405,0.105,47.33941,119.54168,146.35246,245.17502,2.0,32.422267713278416
0.49,0.405,0.105,46.55856,121.40373,149.45537,248.43987,0.0,33.12147026294679
0.495,0.4,0.105,46.16617,122.2348,151.84787,252.57341,5.0,33.448792014911305
0.495,0.395,0.11,46.590572,124.45502,157.26677,256.88306,2.0,33.738626269558154
0.52,0.375,0.105,47.376156,128.4,157.58447,265.88306,5.165268,34.57133470059488
0.53,0.365,0.105,48.72095,132.02449,161.29494,274.88306,3.665268,34.84161508004763
0.535,0.36,0.105,50.00492,136.13629,166.13696,283.88306,2.165268,35.06091298598767
0.54,0.37,0.09,50.800636,141.02438,169.68057,292.88306,0.66526794,35.27427541815997
0.555,0.36,0.085,51.83972,145.76294,172.40384,301.88306,5.0,35.71784533563187
0.56,0.355,0.085,51.606953,147.31815,176.9149,310.88306,3.0,36.39056740044908
0.57,0.34,0.09,51.23144,146.95729,181.77336,309.88306,2.2873487,37.1535151171629
0.575,0.33,0.095,51.28933,147.90456,185.23679,313.88306,0.54508257,37.64196016552705
0.595,0.315,0.09,49.65642,151.78175,187.95262,317.88306,1.5450826,39.574414685084776
0.585,0.325,0.09,50.32639,154.36978,193.9973,326.46878,0.5,39.50940865899065
0.605,0.305,0.09,52.334988,158.41856,194.24156,335.15707,1.0,39.6780734086351
0.63,0.29,0.08,52.668915,162.1455,190.09618,342.68677,1.0,40.517058989462384
0.645,0.29,0.065,54.123276,170.4543,193.29475,350.9548,1.0,40.78166044484533
0.66,0.275,0.065,54.11765,174.38318,197.34721,359.9548,1.0,41.706396620505984
0.66,0.275,0.065,54.64017,176.46428,200.53908,363.9548,5.0,41.67750548318145
0.665,0.26,0.075,54.231457,174.09613,202.4275,368.0676,2.25,42.2475521296219
0.67,0.26,0.07,54.407574,175.89241,201.68958,369.5676,3.25,42.46640863582433
0.67,0.26,0.07,54.53521,177.74905,203.69637,368.5676,2.0,42.65580824746576
0.69,0.25,0.06,56.326866,185.92218,206.12825,377.5676,2.6016998,43.01064455579034
0.695,0.23,0.075,57.64473,184.42328,210.78363,381.5676,0.8523717,42.699814843781496
0.69,0.235,0.075,59.160576,186.22218,215.03517,385.5676,7.1704903,42.02542693656869
0.69,0.23,0.08,59.601048,185.55917,212.42685,389.5676,4.6704903,42.05536767322337
0.69,0.23,0.08,60.85753,188.59576,216.25555,393.5676,2.1704903,41.94286150873813
0.71,0.22,0.07,61.919777,189.76465,201.82007,397.5676,3.5433846,41.8615714271873
0.695,0.235,0.07,59.42598,187.38443,203.66646,396.5676,1.5141668,42.31445677208103
0.715,0.22,0.065,59.488136,191.78436,198.40161,400.5676,0.6675811,43.03749858606534
0.73,0.205,0.065,57.17114,191.92314,196.68571,401.23425,0.0,44.72699303119407
0.73,0.2,0.07,57.451828,192.18611,199.29152,402.64963,0.050259113,44.8175835186903
0.74,0.2,0.06,55.58949,193.53079,197.0845,401.64963,0.0,45.78089486891463
0.75,0.19,0.06,57.639076,199.73344,201.64262,410.64963,0.0,45.26165760576259
0.755,0.195,0.05,57.25785,204.18587,191.15933,419.64963,0.0,45.86295372387394
0.76,0.185,0.055,58.248074,206.34204,194.98851,418.64963,0.0,45.87590082655515
0.76,0.18,0.06,59.09684,207.19098,198.1195,417.64963,0.0,45.8796522863704
0.745,0.195,0.06,58.372227,204.5114,201.14983,416.64963,1.0,45.63135648958996
0.76,0.19,0.05,58.122223,206.95087,193.40504,420.64963,0.7213898,45.78725020183265
0.76,0.19,0.05,56.339188,209.7411,195.94522,425.52905,1.0912352,47.13598398230897
0.76,0.195,0.045,57.54248,214.03398,200.02783,429.52905,0.0,46.82709436533696
0.785,0.17,0.045,57.395496,217.20155,203.13847,433.52905,0.0,47.726554445931015
0.8,0.16,0.04,54.124004,215.09572,190.29633,437.52905,0.028642654,48.62143619796154
0.805,0.16,0.035,54.493008,217.61557,190.35344,439.8624,1.0286427,48.26440734029893
0.79,0.18,0.03,51.82781,202.60065,154.2603,421.18158,0.5,47.18901652344539
0.82,0.155,0.025,52.02621,203.88448,139.79037,422.68158,3.0,46.55015090361121
0.83,0.145,0.025,52.666985,202.80968,134.21414,424.18158,3.6263504,46.40763120781048
0.82,0.16,0.02,52.863167,204.95744,136.0297,425.68158,3.0,46.19743164401734
0.825,0.155,0.02,52.69906,208.88522,138.322,427.18158,0.0,46.717202177416766
0.83,0.145,0.025,52.750816,209.27731,140.33586,428.68158,1.0,46.94837247110627
0.84,0.125,0.035,53.062275,201.30882,138.38861,430.18158,2.0,46.7521312309982
0.855,0.115,0.03,53.272346,202.6179,120.17454,431.68158,3.0,46.42628507351037
0.855,0.115,0.03,52.757694,200.98827,121.7476,433.18158,2.0,46.79311042724294
0.875,0.1,0.025,53.96523,203.2698,110.79452,434.75626,2.5,45.372531766217435
0.88,0.09,0.03,55.08197,201.48024,110.48614,436.25626,1.0,45.15518769057235
0.89,0.08,0.03,55.321636,194.43686,104.86535,436.9229,2.4786015,44.44551338641031
0.895,0.075,0.03,54.354454,192.48009,107.676704,437.58957,1.1478386,44.85813266990589
0.91,0.06,0.03,55.635014,203.56883,110.27199,438.7995,2.0,44.830868959586944
0.835,0.135,0.03,47.749985,143.20024,61.974045,331.4204,2.0,41.72366884765506
0.84,0.13,0.03,48.644394,144.47145,60.166862,339.43985,0.9691858,41.93618366398732
0.84,0.13,0.03,48.62229,147.5987,59.582405,346.11203,0.9691858,42.084709666443814
0.855,0.12,0.025,47.99028,149.8194,60.518993,350.89783,0.9691858,42.31730355851323
0.855,0.12,0.025,46.50208,149.2066,61.525394,351.04095,0.0,43.87541093333129
0.845,0.13,0.025,47.814583,148.80623,64.436646,349.8253,0.5,42.87367508060561
0.845,0.13,0.025,49.218975,153.06548,67.77483,348.59503,0.7684927,42.43637628081706
0.81,0.165,0.025,48.089066,148.85254,69.783104,347.87952,1.4335327,42.37953476932307
0.81,0.165,0.025,49.085224,149.28166,67.95987,346.54617,1.4335327,41.5360387782639
0.805,0.165,0.03,49.48931,149.85951,70.10761,345.21283,1.0,41.559406601918454
0.79,0.175,0.035,48.780922,147.7401,72.28081,344.71283,0.0,41.367786147326115
0.795,0.17,0.035,50.13184,153.03279,74.755165,345.0989,0.7446728,41.49997058347071
0.785,0.175,0.04,50.83289,152.53198,77.675446,345.03763,0.0,41.287574367623165
0.78,0.18,0.04,49.18003,151.54596,81.80024,344.53763,0.7446728,42.302234380531445
0.77,0.19,0.04,47.711082,151.727,82.54186,341.53763,0.5804539,43.16472371814234
0.785,0.175,0.04,47.94082,152.7924,75.071495,343.53763,0.7446728,43.18851168442416
0.785,0.175,0.04,49.23853,156.39963,77.747734,345.53763,0.7446728,43.246978814051545
0.785,0.175,0.04,51.06155,155.45233,81.18301,352.53763,2.8782282,41.9226741559105
0.785,0.175,0.04,51.609512,153.16916,82.93132,349.53763,0.3782282,41.16316850370458
0.78,0.18,0.04,52.9912,156.0439,87.503975,351.53763,3.3333988,41.13314056351373
0.77,0.19,0.04,53.023735,157.4642,90.24604,353.53763,1.0,41.6793386884965
0.77,0.19,0.04,54.035503,159.06665,93.26631,355.53763,0.0,41.38804759597406
0.775,0.18,0.045,53.909557,157.70038,96.75531,357.53763,2.8974419,41.909957661730004
0.765,0.195,0.04,53.395535,159.908,99.2795,359.53763,0.0,42.28453005112533
0.775,0.18,0.045,53.02825,158.6834,101.49684,356.53763,0.0,42.97428924339419
0.78,0.175,0.045,53.299553,162.80418,102.509865,359.6848,0.41666603,42.879561225161524
0.77,0.185,0.045,52.881157,163.04533,107.52804,363.80707,4.0,42.820608436042676
0.785,0.17,0.045,53.119003,169.41734,111.143715,365.80707,1.0,43.591606220637914
0.78,0.17,0.05,53.547615,169.23236,115.378685,367.80707,0.12572765,43.70762152189672
0.8,0.16,0.04,55.42993,172.48904,94.42158,374.25482,1.0,42.89162823778315
0.8,0.16,0.04,55.865917,174.47408,96.67387,376.25482,0.60131025,43.16518088891462
0.81,0.15,0.04,56.10648,174.1395,98.842064,381.2334,0.0,43.371248693008965
0.8,0.16,0.04,54.865307,173.89355,100.9507,389.2334,2.2281094,43.40409288875526
0.805,0.15,0.045,53.732143,172.35379,103.2412,397.2334,2.0,44.00687755401304
0.795,0.16,0.045,52.757973,171.91794,106.06366,395.2334,0.833333,44.52268916727553
0.795,0.16,0.045,55.38551,176.73549,110.59883,395.7334,1.166666,43.593800624032156
0.795,0.16,0.045,55.645386,180.70831,114.18829,398.7334,0.66666603,43.91173399961189
0.795,0.165,0.04,54.53902,181.35469,109.152885,401.7334,2.5,44.003532230984995
0.795,0.17,0.035,53.59942,183.35881,101.5071,404.7334,1.8102388,44.109609516359335
0.8,0.17,0.03,54.126904,185.06248,100.85391,407.7334,2.0,43.576446917053545
0.82,0.155,0.025,54.80684,190.89336,99.35787,410.7334,0.5,44.411107580725
0.81,0.165,0.025,55.232742,191.1159,103.526115,418.7334,2.0,44.158552454944584
0.78,0.18,0.04,51.343174,169.11993,96.26038,349.18646,1.0,43.68342502171071
0.78,0.175,0.045,48.5949,163.01068,95.460785,348.68646,0.0,45.27804497083707
0.79,0.165,0.045,48.075462,163.73318,97.161354,345.68646,0.0,46.224392200500006
0.79,0.16,0.05,48.156685,162.03314,93.24019,352.68646,0.3327484,46.14058332008972
0.82,0.135,0.045,50.732624,169.96315,85.298164,359.68646,0.3327484,45.58462956831863
0.82,0.14,0.04,52.17904,168.86206,84.308876,361.68646,0.3327484,44.17250171454907
0.805,0.15,0.045,52.097324,164.53192,88.709076,364.20172,1.6666665,43.90557111616362
0.82,0.14,0.04,52.96542,167.912,84.45244,373.20172,0.75,43.41537736657847
0.825,0.14,0.035,54.471947,173.39836,88.81754,382.20172,0.036081314,43.283417583701066
0.825,0.14,0.035,55.713715,175.74475,91.817894,391.20172,0.16666651,43.02955165266849
0.835,0.13,0.035,55.197407,175.48024,86.83106,395.20172,0.8157673,43.55192359404827
0.86,0.11,0.03,55.8451,177.33633,85.52086,399.20172,0.0,44.20620601031259
0.865,0.105,0.03,55.778576,176.26389,86.57171,403.20172,1.5,44.37806120910681
0.865,0.115,0.02,56.729538,182.88193,79.93342,417.20172,0.8653469,43.92428022902458
0.86,0.12,0.02,56.529636,182.68256,82.83001,421.20172,1.3824229,43.75501259963494
0.86,0.12,0.02,57.078068,181.44818,85.407745,425.20172,0.04908943,43.57727514542535
0.86,0.125,0.015,56.517708,181.04932,84.53315,430.8594,2.0,42.39277679492079
0.87,0.12,0.01,57.990772,187.18297,82.2864,436.21793,2.3918357,41.806347715246375
0.885,0.105,0.01,58.53377,193.54099,82.58692,445.22656,2.8824234,42.15383377819671
0.885,0.11,0.005,57.38962,199.55536,84.51458,454.22656,0.4298582,43.4170091715423
0.745,0.22,0.035,43.91676,140.11607,76.71654,288.97574,1.0,41.97778035855299
0.745,0.215,0.04,42.933346,139.41264,77.199104,294.97574,0.0,43.043037951771105
0.675,0.23,0.095,36.251724,112.903885,76.592735,244.38916,1.0,42.726962660199206
0.7,0.215,0.085,38.30629,117.49361,80.39088,253.21896,1.0,42.368838241418416
0.71,0.2,0.09,39.199993,120.497154,80.575386,257.21896,1.0,42.76593948411028
0.705,0.205,0.09,39.72782,120.46535,82.11594,256.21896,1.0,42.393687336974835
0.705,0.195,0.1,41.145485,120.87882,86.30877,256.38916,1.0,42.07500420133874
0.7,0.19,0.11,41.847515,120.49307,90.40801,259.38916,2.5,42.48761073387868
0.72,0.185,0.095,42.900646,122.27595,89.220566,264.55417,0.5545225,42.00953893038968
0.715,0.19,0.095,43.49702,123.92869,92.57332,268.55417,1.2485371,42.160292243359436
0.715,0.19,0.095,42.69512,125.798416,93.77495,272.55417,0.666667,43.362095373599
0.73,0.17,0.1,43.527412,129.99443,96.91522,276.55417,0.24853706,44.019510162012004
0.69,0.205,0.105,39.996655,119.96141,96.24589,264.38916,1.0,44.286209943209535
0.695,0.185,0.12,42.182533,120.20042,100.83355,266.46158,2.2953815,43.72420943834004
0.68,0.205,0.115,41.789806,120.52562,102.90236,269.46158,0.4658823,43.97130379319605
0.7,0.19,0.11,42.04189,123.263,103.088234,277.30383,0.2079711,44.455180095386815
0.705,0.185,0.11,43.214912,127.90699,106.70251,291.06235,0.5,44.77800551485415
0.695,0.195,0.11,43.044216,127.940315,110.42359,295.06235,0.0,44.74064454976905
0.7,0.195,0.105,44.861225,132.97523,113.26928,299.06235,2.3903732,44.07685076381313
0.715,0.19,0.095,44.8629,139.76071,111.9395,307.65054,0.2499981,45.31482491688712
0.725,0.18,0.095,46.245365,142.17267,112.95312,316.31296,0.16109848,44.96837818419862
0.745,0.17,0.085,45.849316,146.3277,100.34786,324.84625,2.0,45.57303398105432
0.75,0.175,0.075,46.214195,153.54268,101.616425,333.2194,1.9319019,46.41668917818606
0.77,0.165,0.065,47.645103,157.16354,99.628624,347.2194,2.431902,46.088720899730106
0.78,0.155,0.065,48.624584,157.0074,102.73808,354.41476,2.6059294,46.28467587623163
0.795,0.145,0.06,49.26719,162.77286,103.54387,361.98505,1.0,46.73561405431974
0.78,0.16,0.06,47.740925,155.71507,103.4522,346.00098,0.16666698,46.26179162841527
0.775,0.165,0.06,48.929913,159.40381,107.56712,354.00098,0.16666651,46.15099388704766
0.77,0.17,0.06,48.948402,160.74641,109.93129,357.00098,1.6463165,46.044736785581335
0.78,0.165,0.055,49.388206,166.43336,111.85904,365.00098,2.0,46.68626467497961
0.785,0.16,0.055,48.767063,171.90686,113.115486,373.00098,0.6787424,48.233726812020905
0.785,0.17,0.045,46.086285,162.00569,99.63754,358.2627,0.0,47.71462647631052
0.79,0.17,0.04,45.360954,167.34608,99.87037,364.6743,0.9449816,48.80423355191305
0.795,0.165,0.04,46.625816,168.83725,93.869606,371.37326,0.44498158,48.01865647461091
0.805,0.155,0.04,48.474686,175.28514,95.20243,376.8147,0.16481066,47.77944011685577
0.81,0.145,0.045,49.10854,175.90567,96.13221,380.8147,0.0,47.821409199133086
0.815,0.145,0.04,50.0383,177.47699,96.00651,389.8147,0.16481066,47.16361950646751
0.835,0.14,0.025,49.41211,185.10829,87.59118,399.9904,0.16481066,47.305955390866984
0.845,0.13,0.025,50.210907,192.80138,89.48781,408.9904,0.0,48.12766453518998
0.84,0.135,0.025,49.72927,188.84268,91.14479,412.9904,0.16481018,47.786408777156794
0.845,0.125,0.03,49.818268,187.98572,92.09403,411.9904,1.6106801,47.98953913051082
0.86,0.12,0.02,50.938038,198.84814,87.73842,420.9904,1.6106801,48.31859731058648
0.87,0.11,0.02,50.491497,199.92174,88.649124,421.65704,3.8146973E-6,48.91227990206559
0.835,0.14,0.025,47.73636,179.8988,82.01538,389.28778,0.9091635,47.82811682702595
0.845,0.13,0.025,49.47399,183.53738,80.01979,402.6286,2.0000038,47.60493819558178
0.86,0.12,0.02,51.89,191.61926,82.81202,416.43143,0.0,47.000722483266145
0.86,0.125,0.015,52.067047,198.90239,85.9167,426.63528,0.70869446,47.03228700221007
0.855,0.13,0.015,52.53952,200.24693,89.26008,434.8909,2.0,47.30594834423391
0.86,0.125,0.015,52.46129,203.98373,90.10941,442.8909,0.0,47.691160731675154
0.865,0.12,0.015,53.387875,205.48582,93.50931,450.8909,0.0,46.80303526780335
0.9,0.09,0.01,53.937317,224.56282,83.75142,460.50598,1.4710159,46.90139632159844
0.905,0.09,0.005,53.628582,227.9113,75.96916,468.50598,1.3781462,46.470862890149874
0.915,0.08,0.005,53.26497,229.73514,71.16786,476.50598,0.47198868,46.6145730737735
0.92,0.075,0.005,55.141285,238.31117,72.71838,483.27133,0.5,45.32556942549127
0.93,0.065,0.005,55.919895,246.68773,71.54924,487.34024,0.5,44.56298752342627
0.93,0.065,0.005,57.284286,251.29646,74.36582,495.0951,0.5,44.115601339228306
0.935,0.06,0.005,58.75771,256.01193,77.02236,507.78772,0.5,43.76616532769549
0.935,0.06,0.005,58.245415,262.22913,74.76744,520.1305,0.5,44.97703080250357
0.94,0.055,0.005,57.744366,266.19492,74.64113,528.1305,0.5,45.395682802081865
0.94,0.055,0.005,56.863,270.83127,75.71508,535.12994,0.0,45.664538722736324
0.94,0.055,0.005,56.95129,275.28006,77.13116,538.9223,0.5,46.87143363701762
0.945,0.05,0.005,57.08524,284.05225,75.87844,541.95544,1.0,46.352675275506044
0.945,0.05,0.005,56.294384,274.3059,76.48053,545.7136,0.0,46.11860937975143
0.945,0.05,0.005,58.275497,281.0138,78.45802,551.63666,0.5,45.240732542577454
0.94,0.055,0.005,58.241066,276.69513,77.13908,558.86505,0.16666651,45.02862901991829
0.94,0.055,0.005,60.33763,280.56302,79.80618,566.86505,1.0,44.63609524362255
0.945,0.05,0.005,60.991837,278.46573,79.07197,574.86505,0.0,43.93170126103723
0.95,0.045,0.005,62.464252,276.65173,79.89647,587.86505,1.5933151,43.46693362452788
0.96,0.035,0.005,62.80327,264.08124,78.96617,594.17505,0.6023488,42.851224508849555
0.96,0.035,0.005,62.81915,266.2681,81.36152,601.6105,2.0,43.18087205813208
0.84,0.135,0.025,47.905464,143.92102,69.91996,318.32947,0.3664341,41.74613907910498
0.83,0.15,0.02,46.65972,145.81291,70.49785,320.32947,1.0,42.412525776606344
0.83,0.15,0.02,45.24881,147.49753,70.72317,322.32947,0.0,43.84667541961244
0.8,0.185,0.015,44.91239,144.2872,73.78793,311.95132,1.9200735,42.39249719538202
0.805,0.18,0.015,46.7435,147.32472,76.532326,323.95132,0.4200735,42.080471344885154
0.81,0.175,0.015,48.185295,151.94388,77.12128,335.95132,2.0,42.00423294577922
0.815,0.17,0.015,50.984093,158.17615,80.483986,347.95132,2.833332,41.371553427306935
0.825,0.165,0.01,52.66825,164.92145,82.979645,359.4337,2.2130375,41.42774100997485
0.69,0.24,0.07,41.926495,120.725136,81.971275,265.5896,0.33333206,41.549567323354495
0.67,0.27,0.06,38.55837,117.679985,79.851944,250.93729,1.0,42.21436866214935
0.7,0.245,0.055,40.401146,123.68041,82.32246,263.1323,0.0,42.76805763862558
0.71,0.24,0.05,40.261032,128.11053,83.95935,272.32327,0.0,43.12085311441478
0.715,0.235,0.05,40.008286,129.20793,85.39155,279.7186,0.0,43.68462057170109
0.72,0.225,0.055,42.25481,133.36002,88.117485,285.82748,0.5408249,43.25716168233338
0.705,0.25,0.045,42.59019,135.7639,91.580444,290.58563,0.5408249,42.89104125886296
0.705,0.25,0.045,43.46001,138.22055,94.627396,297.50867,2.9176884,42.67047597418422
0.72,0.235,0.045,43.08231,139.59955,89.299126,306.50867,3.0,43.62396796216489
0.73,0.225,0.045,43.561592,142.16687,89.7772,315.50867,0.0,43.97223847682471
0.74,0.22,0.04,45.287716,148.62402,92.28442,326.8158,3.398261,43.97110845457063
0.745,0.215,0.04,44.73979,150.20654,93.92693,335.8158,2.1150665,44.73032520551351
0.755,0.205,0.04,45.80359,154.68118,96.15403,343.1258,1.0,45.15746299138118
0.75,0.21,0.04,45.695282,153.1111,94.62266,342.1258,0.0,44.84342588306208
0.76,0.205,0.035,46.147797,154.23068,90.04445,341.1258,1.0,44.41441972168832
0.76,0.205,0.035,47.152702,156.25237,90.70604,342.6258,0.8333335,43.89099629285192
0.77,0.195,0.035,48.438316,160.48056,91.374176,344.1258,2.739173,43.87121333126561
0.775,0.195,0.03,48.97251,160.71536,81.939926,345.6258,2.4071846,43.59639774725656
0.655,0.265,0.08,39.59469,125.40245,79.02296,271.3689,1.0,42.13896510167251
0.68,0.245,0.075,40.328037,129.32678,79.7098,278.3689,0.65553474,43.36890162152121
0.7,0.23,0.07,41.81047,133.25616,82.122894,290.3689,0.62056446,43.54915890579286
0.735,0.215,0.05,42.476284,138.05994,78.68685,297.3689,0.28260612,43.8770824584717
0.755,0.19,0.055,44.24892,138.88022,80.65899,304.3689,0.0,43.92119156397529
0.715,0.225,0.06,40.85066,128.41464,80.99313,276.7754,3.0,43.87351923735695
0.735,0.21,0.055,40.565117,128.90422,81.165665,283.7754,0.0,44.666695239902765
0.725,0.225,0.05,41.2166,129.03622,81.93334,283.56778,0.0,43.801668641797725
0.745,0.21,0.045,44.26635,134.41475,82.580956,292.56778,0.0,42.71474956495512
0.755,0.2,0.045,45.25424,137.1958,84.566864,301.56778,0.0,42.842565816172275
0.76,0.2,0.04,45.277668,140.55568,81.00525,310.56778,0.0,43.197400778364674
0.765,0.205,0.03,46.88116,145.58257,82.52442,319.56778,2.0,42.75460620573721
0.74,0.23,0.03,44.70055,138.12549,78.931915,294.57953,1.1666665,41.97765772058483
0.715,0.255,0.03,42.745815,136.32889,81.227646,293.57953,1.0,42.73008704599487
0.7,0.27,0.03,42.08273,136.55138,82.726524,292.57953,0.25437737,42.804874359391754
0.705,0.265,0.03,42.874306,138.19353,84.6881,291.57953,0.24994564,42.48823694539714
0.72,0.25,0.03,43.037807,141.44084,85.039856,295.12775,0.25437737,43.42791511835821
0.725,0.245,0.03,45.012394,143.54782,85.007935,306.36618,2.333332,42.32906973756325
0.745,0.225,0.03,47.285416,148.94508,88.39399,316.71964,3.2694511,42.04280219275097
0.755,0.215,0.03,48.306183,152.0517,91.891045,330.71964,3.833332,42.1537374551699
0.76,0.21,0.03,49.50595,154.13005,94.027466,334.71964,0.37607384,41.89071281303222
0.755,0.22,0.025,48.501797,154.00357,92.07314,336.21964,1.0,42.30168236531608
0.765,0.205,0.03,48.520588,153.32669,92.93908,337.71964,1.0783582,42.588685711089056
0.77,0.2,0.03,48.980965,156.3435,93.427246,339.21964,0.76945114,42.85002738708863
0.77,0.2,0.03,49.04943,158.70518,96.2667,345.5536,1.3333321,43.37448293266061
0.77,0.205,0.025,49.3987,162.65698,99.32457,354.5536,0.0,43.544850412035885
0.78,0.195,0.025,50.478603,166.62077,100.45804,363.5536,1.0,43.76157344047533
0.795,0.185,0.02,51.15488,169.00708,95.97462,372.5536,0.08578968,42.9944724595748
0.805,0.175,0.02,53.04376,172.11502,97.92942,381.5536,1.4349017,42.57950961694587
0.81,0.17,0.02,54.77146,177.84718,101.177826,390.5536,0.5,42.31108573938036
0.83,0.155,0.015,54.73791,180.3398,93.80045,399.63367,0.5,42.37333080949247
0.84,0.14,0.02,54.575085,178.43086,94.39465,398.63367,1.365941,42.72358694646391
0.84,0.14,0.02,54.14505,182.45789,95.430115,397.63367,2.446621,43.83325788349612
0.835,0.145,0.02,53.281494,184.29466,97.39661,396.63367,0.045200348,44.86954210126304
0.83,0.145,0.025,52.163715,183.15541,99.45744,395.63367,0.33333302,45.37197319146253
0.84,0.13,0.03,51.895107,180.80565,101.667656,397.13367,0.63497543,45.69782232702346
0.84,0.13,0.03,51.628326,183.34341,103.06805,401.13367,0.0,46.695434425357234
0.83,0.14,0.03,52.44083,184.27243,106.56385,404.11304,0.0,45.849820565548725
0.825,0.15,0.025,53.13803,185.09776,101.24502,408.9148,0.40728235,44.98225872422336
0.805,0.17,0.025,53.103127,183.75153,105.20341,415.88885,1.2412148,44.30739482049103
0.815,0.16,0.025,55.84502,191.28116,108.77099,424.88885,3.5,43.77952697925502
0.83,0.145,0.025,58.11554,193.5483,108.52729,433.88885,1.6666679,43.16669716355682
0.83,0.14,0.03,59.29353,190.99112,112.179924,437.88885,0.8835974,42.621684732956055
0.845,0.125,0.03,59.76245,192.5259,113.13949,439.38885,1.0,43.043108848272816
0.84,0.135,0.025,56.221813,187.00664,108.906815,440.88885,2.0,43.82098645842052
0.795,0.17,0.035,50.685043,165.04135,95.24555,364.93048,1.9678154,43.065931445671595
0.8,0.165,0.035,50.95776,169.97902,97.30682,373.93048,0.0,43.71515473649742
0.815,0.165,0.02,53.827656,179.65988,93.51615,387.93048,0.0,42.09913976756797
0.835,0.15,0.015,54.768654,189.56316,88.80959,401.93048,0.0,42.80083477431617
0.835,0.15,0.015,56.407413,193.57379,91.603004,415.93048,0.0,42.42411116546282
0.835,0.15,0.015,56.889725,195.8435,91.85492,419.93048,0.0,42.37052277463954
0.845,0.14,0.015,58.22826,201.03572,94.40387,423.93048,0.0,42.359792837814894
0.855,0.135,0.01,59.302216,207.49182,95.07565,432.93048,0.0,41.990155637977296
0.85,0.14,0.01,58.736534,209.49037,97.79068,436.93048,0.0,43.00436077862105
0.86,0.13,0.01,58.127567,213.34274,94.71129,440.93048,0.0,43.86218638645368
0.855,0.135,0.01,55.61319,213.8779,92.202736,444.93048,0.0,45.76733060448896
0.865,0.125,0.01,55.745907,219.67822,92.79262,448.93048,1.2217689,45.92788198986818
0.88,0.11,0.01,57.898544,223.74188,87.481926,461.90976,2.324915,45.05247133410012
0.895,0.095,0.01,58.44174,233.75786,89.284874,472.88498,3.324915,45.11893566441722
0.8,0.14,0.06,49.030464,150.90196,84.91546,342.82092,2.0,43.97825919186288
0.81,0.135,0.055,49.662304,156.34628,85.41201,346.82092,1.5451527,44.430562118810485
0.805,0.14,0.055,50.46845,158.80869,88.07769,350.82092,1.5,44.44038232092862
0.805,0.135,0.06,51.344612,156.18707,90.849625,349.82092,0.0,44.24053030724826
0.82,0.125,0.055,52.2674,157.7681,89.8591,353.47437,0.0,43.707698991824145
0.825,0.125,0.05,52.707485,157.38345,91.38015,357.47437,0.012582779,43.414946039322444
0.84,0.115,0.045,51.658825,157.91911,90.56754,361.47437,5.0,44.190339993074296
0.845,0.115,0.04,48.698524,155.40349,85.155846,355.82092,0.0,45.31271409051259
0.835,0.13,0.035,49.456867,156.0495,87.46792,364.82092,1.5,44.402459334880405
0.84,0.125,0.035,51.48705,159.06293,88.1702,378.82092,0.0,44.115746966301224
0.855,0.11,0.035,53.442566,166.85582,90.86349,392.82092,3.0,44.31974797543079
0.83,0.14,0.03,52.04964,161.48347,90.77566,372.47076,0.03413105,43.65971723371262
0.82,0.15,0.03,52.775837,163.02718,93.454155,377.0683,0.0,43.50017378167467
0.825,0.145,0.03,53.038277,164.02853,93.36124,381.62888,0.0,43.676429291401284
0.815,0.16,0.025,51.568684,160.94652,90.77652,351.13818,0.692029,43.53896474071734
0.815,0.16,0.025,52.91419,163.1346,92.90402,354.13818,2.5,42.927747946436284
0.805,0.175,0.02,51.59714,161.47728,84.13786,354.45364,1.0,42.96691083928454
0.81,0.175,0.015,50.220078,161.48463,81.213615,358.45364,0.0,43.523483062366715
0.8,0.18,0.02,50.795155,162.65192,85.09572,366.22,0.5,43.310897210019895
0.8,0.18,0.02,51.361275,164.03929,87.23119,370.22,1.5,43.028663397868506
0.8,0.18,0.02,52.75062,168.04916,89.80512,374.22,0.0,42.86068608422647
0.82,0.16,0.02,55.120255,173.43561,88.81654,378.22,0.0,41.80294437764678
0.81,0.17,0.02,54.241013,174.2213,89.87298,382.22,3.0,42.41091381388833
0.805,0.18,0.015,54.100296,174.74088,90.62538,386.22,2.0,42.54618283623131
0.8,0.185,0.015,53.775276,174.42268,92.30751,395.22,3.0,42.85510823654476
0.81,0.175,0.015,54.961143,176.58835,94.01577,402.54944,0.33333206,42.83662257678042
0.815,0.17,0.015,54.41949,180.7336,95.58977,407.0181,0.4354763,43.6749909785467
0.82,0.165,0.015,53.800316,184.30122,97.27149,412.06754,0.0,44.615931000902485
0.815,0.165,0.02,56.007317,184.87779,100.921616,416.06754,0.8949704,43.89002879659165
0.81,0.17,0.02,55.73665,183.13489,103.7617,420.06754,0.8949704,43.756792855641834
0.825,0.165,0.01,56.021614,188.16888,98.87355,426.63736,0.49986267,43.49471465617535
0.83,0.16,0.01,58.18275,191.88643,101.52986,433.9041,0.8949704,42.85872831824235
0.82,0.17,0.01,56.213238,188.14871,103.25114,437.9041,0.8949704,43.26335693605142
0.83,0.16,0.01,58.128853,193.96991,104.37927,443.88782,1.8333335,43.338318873276876
0.83,0.16,0.01,58.525936,195.02443,108.29364,451.8804,1.666667,43.328774828209134
0.85,0.145,0.005,58.55721,198.08438,102.370316,450.8804,0.16666698,43.64099346164949
0.71,0.25,0.04,43.735615,140.23053,85.10023,304.4052,0.0,43.344534607429516
0.74,0.22,0.04,45.05769,146.22743,85.85927,317.4052,0.5,44.30692384035865
0.755,0.205,0.04,48.524223,149.9602,89.924416,333.48624,1.8333344,42.702299733377
0.76,0.21,0.03,50.059807,156.09248,92.522545,344.68124,1.0,42.45282612253504
0.76,0.21,0.03,52.1208,157.37796,90.35039,352.68124,2.833334,41.524172231336706
0.78,0.2,0.02,52.064068,164.52396,90.047615,365.68124,0.0,42.53250307742928
0.795,0.18,0.025,52.353428,168.31914,89.25599,378.68124,1.8333325,43.14310034870868
0.795,0.185,0.02,52.17986,170.27173,88.96344,390.3846,0.0,43.75351155515091
0.8,0.18,0.02,52.154808,172.13751,90.07019,400.76953,1.0,44.27143470761075
0.815,0.165,0.02,50.674194,176.69482,89.481224,403.76953,0.0,45.83368141349547
0.815,0.165,0.02,49.389404,176.50496,90.14065,406.76953,0.0,46.66054057511792
0.83,0.145,0.025,48.99235,173.0471,88.41709,409.76953,2.042389,46.96732591355976
0.82,0.155,0.025,49.54561,174.51938,91.15499,417.76953,0.037961483,46.466733160726335
0.825,0.15,0.025,51.283344,179.96208,94.02673,425.60617,0.5643177,46.40675659403496
0.86,0.12,0.02,52.96649,188.14235,89.65615,431.641,2.0,46.02139686777082
0.865,0.115,0.02,54.66184,189.27953,92.32776,438.63406,2.0,45.12389413602068
0.865,0.12,0.015,55.294365,196.75969,95.07833,448.65973,1.5,45.42711908848287
0.87,0.115,0.015,57.154976,202.46283,97.49103,457.50146,1.8438377,45.10641593126638
0.87,0.12,0.01,57.22129,210.17711,98.74593,468.8621,1.5,45.4649227569098
0.88,0.115,0.005,56.122776,211.78061,96.32479,476.8621,0.0,45.743309321202105
0.875,0.12,0.005,54.45673,212.35114,98.048996,484.8621,0.0,46.26860257671797
0.885,0.11,0.005,54.579365,217.7108,94.98097,492.8621,0.0,46.6064382431814
0.905,0.09,0.005,57.9667,227.73505,97.458954,505.8621,0.35032463,45.49065513793903
0.915,0.08,0.005,58.961605,229.51851,99.07217,518.86206,0.5,44.74290012390701
0.915,0.08,0.005,60.280758,234.46751,102.27901,526.86206,0.5,43.99040974761374
0.92,0.075,0.005,60.431713,238.10216,99.50078,534.86206,0.0,43.73628404420015
0.92,0.075,0.005,62.324684,241.64394,101.99679,537.86206,0.0,43.49885325066862
0.93,0.065,0.005,62.766056,247.38208,103.50978,545.86206,1.0,43.90187768625765
0.925,0.07,0.005,62.452713,247.02028,105.39153,548.86206,2.0,44.69396344581037
0.925,0.07,0.005,61.10231,252.167,104.647835,551.86206,2.0,46.383018532782444
0.925,0.07,0.005,60.97647,250.01285,104.55415,559.86206,0.0,46.70749992236233
0.935,0.06,0.005,61.169228,248.89934,100.88225,567.86206,2.0,46.69112855612184
0.94,0.055,0.005,63.29741,254.20091,102.95648,573.28375,2.3886833,45.60165028019401
0.94,0.055,0.005,63.053276,257.14038,104.77347,579.59375,0.49999952,45.522516939458
0.945,0.05,0.005,65.900764,268.10095,107.64408,587.59375,0.0,45.01521107433655
0.945,0.05,0.005,66.32648,268.30524,103.50632,591.7473,0.48831367,44.47968736069014
0.93,0.065,0.005,64.42556,250.95885,100.505844,592.2473,1.666667,44.2584863778029
0.93,0.065,0.005,63.750504,256.50726,102.45091,599.4757,0.0,45.591965115665516
0.82,0.15,0.03,49.49757,169.17426,87.50918,363.94287,0.0,45.01247789288754
0.825,0.145,0.03,49.698116,172.28668,88.41409,366.94287,0.5,45.41261726288576
0.825,0.145,0.03,49.504425,176.65689,90.11435,367.44287,0.5,45.86835368847096
0.815,0.155,0.03,48.198555,171.72858,86.78689,367.94287,4.2503166,45.13399332508561
0.82,0.15,0.03,49.601517,176.33026,85.590004,368.44287,2.0,44.638823091154336
0.82,0.15,0.03,50.157906,174.42802,84.97794,371.44287,1.0,44.28450487650843
0.825,0.145,0.03,50.14,175.689,87.32079,374.44287,1.333333,44.82715667354205
0.77,0.165,0.065,46.028835,137.51213,86.18746,303.33276,0.2733965,44.11843880057858
0.77,0.17,0.06,48.612026,143.17197,89.83622,309.73367,2.014185,42.687515612269635
0.785,0.16,0.055,47.50552,145.47864,86.480316,317.73367,0.014184952,43.601444799991434
0.805,0.15,0.045,48.52406,154.23372,87.709724,326.37793,1.0,44.061500764066295
0.805,0.155,0.04,49.484516,159.15715,90.464294,335.37793,1.2311878,44.16830001153721
0.785,0.17,0.045,47.48584,153.84557,91.74503,334.37793,0.4999981,44.70811309434066
0.795,0.17,0.035,46.521976,155.56877,88.23747,345.47574,1.5,44.88531589569902
0.795,0.17,0.035,47.97441,160.17859,92.27717,359.65732,0.0,44.71157503486984
0.81,0.16,0.03,50.71211,169.63457,94.77151,375.66544,2.333332,44.4290657704405
0.805,0.16,0.035,51.39452,165.0166,97.92422,379.66544,2.0473852,43.756078443781
0.815,0.15,0.035,53.680016,170.88943,100.63876,383.66544,0.4166665,43.4274929324838
0.825,0.15,0.025,55.7345,179.30795,103.60965,401.20032,0.0,42.62334332082537
0.83,0.145,0.025,56.227646,184.04277,106.03384,410.20032,0.0,43.29895031356136
0.84,0.135,0.025,57.20481,190.3589,108.08118,419.20032,0.0,44.34709939848471
0.84,0.135,0.025,56.40301,186.33835,102.620026,423.20032,0.0,44.14134639903932
0.845,0.13,0.025,54.819984,186.50122,96.58883,427.20032,0.0,44.6316888551155
0.855,0.115,0.03,56.06556,187.76265,98.25758,431.20032,0.0,44.57233011550988
0.87,0.105,0.025,58.026855,190.72292,100.312454,440.20032,0.7677417,43.69350329149893
0.875,0.1,0.025,59.266357,191.8776,102.199425,449.20032,1.5621657,43.4627444015714
0.885,0.09,0.025,60.493336,200.47139,104.093155,458.20032,3.0,43.88186437665718
0.895,0.085,0.02,61.00648,204.00133,100.4012,462.20032,1.6666675,43.33869064861938
0.885,0.095,0.02,59.44074,201.59906,99.98746,466.20032,0.34627485,44.34380848598811
0.895,0.09,0.015,60.549763,206.67142,94.31167,470.20032,0.2870071,43.912997617580906
0.91,0.085,0.005,57.90964,207.2332,86.78506,474.20032,0.0,43.252548620326706
0.91,0.085,0.005,57.09515,210.7895,87.35835,478.20032,2.0,43.84911662367812
0.915,0.08,0.005,57.36375,208.47417,85.18267,482.20032,4.0,43.72611527569824
0.91,0.085,0.005,54.896454,198.83247,74.92114,483.70032,1.0833344,44.41082909619581
0.92,0.07,0.01,57.27356,199.91801,77.42124,486.30765,2.4315414,43.80860837492218
0.925,0.065,0.01,57.17133,202.5127,78.742195,489.3415,1.386466,43.686307599833526
0.93,0.06,0.01,57.880054,208.48851,80.52628,490.8415,1.0,43.088294064167705
0.925,0.065,0.01,58.25689,211.4803,82.21875,494.8415,3.2964554,43.298916046420345
0.915,0.075,0.01,59.1374,210.18541,85.42221,498.8415,5.1365585,43.127084019739414
0.935,0.055,0.01,61.01884,228.54865,87.122894,507.8415,2.1365585,43.36281004548073
0.855,0.12,0.025,50.821796,162.24062,74.41574,364.30676,0.6080494,42.39147571271678
0.86,0.12,0.02,48.999172,164.3386,74.87132,371.68222,0.0,43.62721535747186
0.86,0.12,0.02,48.856674,167.26027,75.25259,372.18222,0.17073822,44.36223463848182
0.855,0.125,0.02,46.999474,163.672,73.84801,372.50754,2.0,45.19207660331448
0.84,0.14,0.02,47.834763,164.57396,75.89148,372.5066,1.5304294,44.51189662548131
0.84,0.14,0.02,48.28107,169.81389,78.05095,380.5066,2.2685065,45.010564837109996
0.84,0.14,0.02,49.306984,174.80286,79.546135,388.5066,0.0,44.93354411829023
0.78,0.175,0.045,44.29441,143.3988,71.46513,319.28427,0.0,43.461533616173256
0.775,0.175,0.05,44.522335,143.98677,73.28978,318.28427,0.0,43.60861629696591
0.785,0.16,0.055,45.293987,143.63841,73.90306,317.28427,0.0,43.736950117483495
0.795,0.15,0.055,45.982113,145.0369,72.2944,316.28427,0.0,43.48909352620831
0.78,0.165,0.055,44.875862,142.94713,74.15255,318.84637,0.0,43.774301223951625
0.765,0.185,0.05,41.891567,135.80086,73.17262,287.471,2.6960373,44.07508467407024
0.77,0.18,0.05,40.850048,136.07593,70.932816,286.471,0.0,45.001425465794455
0.775,0.185,0.04,42.66647,139.55585,70.44983,290.471,1.6919041,43.40575872303452
0.79,0.175,0.035,43.254642,141.7641,72.923615,294.471,0.09880209,43.19669877005208
0.78,0.185,0.035,43.864857,141.77681,76.025345,297.44028,0.09880209,42.95654440204634
0.795,0.17,0.035,45.39039,143.71729,78.264656,306.44028,0.09880209,42.36131731240175
0.81,0.155,0.035,47.09616,149.4272,79.230515,318.35516,2.917615,42.14377976517426
0.805,0.16,0.035,47.561718,152.01523,81.80703,331.58896,2.0589828,42.75309759718947
0.83,0.135,0.035,47.635983,155.53595,82.693306,340.58896,0.0,43.57526184996823
0.84,0.125,0.035,48.89443,161.43022,84.42737,349.58896,1.0,43.572956257194164
0.855,0.11,0.035,50.19686,170.00922,85.63721,359.75388,2.0,43.79306034502224
0.865,0.1,0.035,49.40132,176.50302,87.18882,366.8216,1.0,45.50972740638099
0.855,0.105,0.04,51.252846,172.43192,91.53921,369.66498,0.5,44.36380592044952
0.86,0.1,0.04,52.834114,176.48186,93.09341,374.477,0.0,44.26971163007329
0.85,0.115,0.035,52.570927,178.27611,92.57847,378.477,0.5,44.12527184969804
0.85,0.12,0.03,54.46018,180.32906,94.55031,380.81033,0.5,42.98287313250694
0.86,0.11,0.03,55.399673,182.05966,97.01205,384.81033,0.5,43.12337336196288
0.855,0.115,0.03,54.461548,182.0369,99.73032,388.81033,0.5,43.918663791413564
0.855,0.115,0.03,53.604305,184.18007,99.9553,392.81033,0.5,44.650227413338136
0.86,0.11,0.03,53.937016,188.89023,99.00196,396.81033,0.5,44.94816205599272
0.875,0.095,0.03,51.910557,190.86467,95.76479,402.42636,0.5,45.7653971092368
0.88,0.09,0.03,51.686634,192.74797,95.23627,409.81033,0.5,46.18220474006375
0.88,0.09,0.03,53.352707,192.86671,97.136246,418.81033,1.0674086,45.38621218231855
0.88,0.095,0.025,54.61913,194.41997,97.90661,426.79282,0.19717884,44.51382458908574
0.875,0.1,0.025,55.53208,195.93793,100.96124,433.00748,1.1706715,44.326930481911404
0.87,0.105,0.025,55.221786,196.54134,102.00478,437.00748,1.0,44.69446893602435
0.885,0.09,0.025,55.431835,197.72243,101.44511,446.00748,0.0,45.21970932464682
0.895,0.085,0.02,55.548164,204.3773,94.65371,455.00748,1.0,45.047245247136736
0.905,0.075,0.02,56.74531,209.03802,92.11627,459.00748,4.0,45.0608542500704
0.91,0.07,0.02,55.722363,211.912,91.904434,468.00748,3.0,46.626707626506686
0.925,0.065,0.01,54.481834,215.57701,82.97907,477.00748,0.30506134,45.27710841184853
0.925,0.065,0.01,55.104923,219.52347,84.44728,478.50748,0.886466,45.10032980068353
0.92,0.07,0.01,56.3667,221.3781,86.82822,482.50748,0.5,44.792317975563485
0.925,0.065,0.01,56.350857,206.99152,83.91893,486.50748,1.9551175,43.12270213202282
0.93,0.06,0.01,56.958652,210.45457,83.590294,490.50748,1.7852535,43.01509638634161
0.925,0.065,0.01,58.501938,210.75871,86.04065,494.50748,0.28525352,42.688710911324954
0.93,0.065,0.005,60.042435,212.95003,81.23913,498.50748,3.6635857,41.454525793815264
0.92,0.075,0.005,58.55258,208.40952,81.73328,500.00748,1.0,42.45719747828116
0.92,0.075,0.005,58.300343,204.385,82.47009,501.50748,2.0,42.281095388534595
0.925,0.07,0.005,58.161682,202.04227,84.004265,503.00748,0.0,42.98607091989834
0.925,0.07,0.005,57.410847,204.53801,83.8145,504.44775,0.0,43.519568707292585
0.76,0.195,0.045,41.31015,129.99536,69.97437,282.54813,0.0,42.57896832493134
0.755,0.2,0.045,41.983513,131.1702,71.55456,286.54813,3.538885,42.06712250827695
0.775,0.18,0.045,44.057274,134.60016,68.53233,295.54813,0.666667,42.075676550852215
0.75,0.205,0.045,44.655437,133.58315,72.018585,294.54813,0.9179001,41.07024141684087
0.75,0.205,0.045,46.772793,135.39471,75.84756,294.94128,4.3377075,39.83768520585727
0.765,0.195,0.04,47.179802,137.6385,75.58203,303.94128,3.0,40.72949265272473
0.745,0.215,0.04,46.874233,138.05331,78.94934,312.94128,3.5,40.59351276500092
0.755,0.21,0.035,46.636356,138.98265,78.43702,316.94128,0.37930107,40.75257640175732
0.775,0.19,0.035,48.43901,146.21138,80.96844,320.94128,3.0,41.34036094478506
0.78,0.185,0.035,47.175217,145.83755,80.49321,319.94128,0.666667,42.4344006162828
0.8,0.17,0.03,47.56862,149.72595,79.910446,326.06052,0.0,42.655393208537134
0.795,0.175,0.03,49.684025,151.64969,84.53538,334.7061,0.0,41.8230887533864
0.79,0.18,0.03,50.076862,153.73245,87.26139,339.98184,0.0,42.35151835400211
0.775,0.2,0.025,50.379436,154.11702,89.50266,345.50284,0.0,41.954993233543064
0.78,0.185,0.035,52.099007,151.76247,92.370285,344.50284,3.1181412,41.36074910136813
0.76,0.205,0.035,51.99844,152.1784,95.28395,343.50284,2.0223322,41.4533692416735
0.765,0.2,0.035,52.270126,153.56367,96.92741,342.50284,0.4005065,41.86699550796948
0.745,0.22,0.035,51.83361,153.29555,99.586266,342.41556,2.0,41.55468280882633
0.735,0.22,0.045,51.11678,152.26526,101.951935,345.50284,0.0,42.37474538783135
0.74,0.21,0.05,50.93834,154.45514,104.291756,349.50284,0.0,43.3200466991766
0.76,0.21,0.03,47.642494,155.33444,87.49925,343.2766,0.1239295,44.17992606273219
0.745,0.225,0.03,48.737923,156.79182,90.14883,342.7426,0.5,43.259363647066486
0.74,0.23,0.03,48.804558,156.24698,92.57343,341.96823,0.0,42.475280844459455
0.74,0.23,0.03,49.856365,156.81026,95.679535,342.03177,1.0,41.57755477669707
0.74,0.225,0.035,50.610462,159.22238,98.70943,343.36978,4.0,41.550773762122844
0.745,0.22,0.035,50.370605,163.24222,97.31783,350.79016,0.0,42.699373553448815
0.75,0.215,0.035,50.558205,166.71182,97.67391,353.79016,1.0,43.21602561443069
0.755,0.21,0.035,51.126385,168.57689,100.02502,356.79016,0.0,43.24786504180702
0.775,0.19,0.035,51.05043,170.66841,97.21345,359.79016,1.0,43.5922460542788
0.78,0.185,0.035,50.8117,171.57967,97.41663,362.79016,1.4676495,44.131554244755534
0.78,0.19,0.03,49.978203,170.14905,98.723076,365.02985,1.0,44.330730623492855
0.77,0.2,0.03,50.55926,171.59586,102.18033,368.82428,4.0,43.685893756031874
0.725,0.23,0.045,46.185104,154.75969,96.69215,322.13113,1.6666665,42.975186359741194
0.73,0.225,0.045,46.426186,157.31363,96.03769,328.13113,2.0,43.36294967377034
0.72,0.215,0.065,45.97544,151.87704,93.54196,301.05435,1.0,43.1888501659705
0.75,0.21,0.04,48.840046,166.89272,96.28843,348.05435,2.9768887,43.61582562170224
0.78,0.18,0.04,50.468952,172.19467,96.03455,362.0818,3.0,43.83322250242054
0.805,0.175,0.02,51.405426,187.26636,95.961815,409.0818,0.16666794,45.24777706210352
0.81,0.17,0.02,51.87564,188.90292,97.085236,411.0818,0.0,44.83412922161187
0.805,0.17,0.025,52.471245,187.55168,99.09197,413.0818,0.7393522,44.258374949542485
0.825,0.15,0.025,52.00265,186.01491,93.11195,420.89532,1.0,44.82516106496041
0.84,0.135,0.025,54.76376,192.96771,92.214325,429.44342,2.6666665,44.263075426148134
0.845,0.13,0.025,55.18162,196.73096,92.21737,431.44342,2.0,44.43381378050253
0.845,0.13,0.025,57.091045,201.46707,95.11008,433.44342,0.8317623,44.0824588812029
0.84,0.135,0.025,58.040302,199.64378,97.75615,440.44342,1.0,43.65429268981461
0.76,0.195,0.045,49.171906,165.75778,96.04582,343.58292,0.0,43.89299703008145
0.74,0.185,0.075,46.04382,145.19606,91.8782,309.02112,0.0,43.766930977246375
0.73,0.195,0.075,46.38467,146.39929,94.200005,313.02112,0.0,43.48801150476356
0.725,0.195,0.08,45.361874,144.81984,92.181,316.65564,0.3307767,43.87261910772395
0.74,0.185,0.075,44.722694,147.80394,90.47166,319.66327,0.8694153,45.06360717872667
0.74,0.18,0.08,44.05575,144.55417,90.7973,322.3237,0.46160507,45.613163414704104
0.74,0.18,0.08,44.25088,143.94421,89.23699,324.88037,1.2115364,45.28828630859789
0.745,0.185,0.07,45.461338,149.24286,90.69077,328.3695,0.8307767,45.095222165855375
0.75,0.175,0.075,46.936367,150.67717,93.81708,332.3695,1.1641102,44.94363820266153
0.76,0.18,0.06,47.967525,157.58054,96.553856,336.3695,0.13643742,44.77911023724573
0.765,0.18,0.055,49.503822,162.28212,100.51154,342.2723,1.0,44.47551915092481
0.775,0.18,0.045,48.8277,160.13345,96.88645,343.29492,2.0,44.2277305352909
0.78,0.175,0.045,49.41733,163.33188,98.75486,351.29492,0.0,44.67125941877748
0.78,0.18,0.04,47.43539,168.17754,99.37994,359.29492,0.0,45.95286282344023
0.775,0.185,0.04,47.61068,170.15123,101.20042,367.29492,0.0,46.25752163352445
0.785,0.175,0.04,47.187466,175.52876,101.97772,375.29492,0.0,47.61840902353288
0.795,0.165,0.04,49.554802,182.57971,104.511734,388.29492,1.6251354,46.962611178947554
0.8,0.165,0.035,49.849598,186.08551,103.2895,396.29492,1.6251354,47.061318350613874
0.815,0.16,0.025,50.413918,185.79851,98.94322,404.29492,1.6251354,46.38737736738403
0.82,0.155,0.025,51.386295,188.47604,96.376884,417.2675,1.6251354,46.243432906288945
0.825,0.15,0.025,53.58259,195.103,98.82335,425.2675,1.6251354,45.938506586055155
0.825,0.15,0.025,54.077225,198.17696,100.39493,433.2675,1.3664398,46.18545116682071
0.85,0.13,0.02,53.370125,202.36702,88.10407,446.2675,1.6251354,47.012206386832986
0.855,0.13,0.015,51.26095,204.1724,84.49248,456.95444,1.6251354,47.470225526085414
0.865,0.115,0.02,50.90477,201.15111,82.89709,454.95444,0.66666603,48.23620163299347
0.88,0.095,0.025,49.442448,198.06345,81.58272,452.95444,1.0,49.122759829188
0.885,0.09,0.025,51.333256,203.29504,83.64634,455.95444,0.5,48.3831771868463
0.87,0.105,0.025,49.795563,200.59505,83.10548,460.27017,0.0,48.128743975554244
0.88,0.1,0.02,51.845474,208.64131,80.11088,464.39777,0.0,47.203026425719145
0.875,0.105,0.02,51.941143,207.33723,80.31763,467.31082,0.0,46.95793905296887
0.885,0.1,0.015,52.568306,206.22043,77.21349,471.0545,0.0,46.00852392831439
0.885,0.1,0.015,53.188675,205.99321,80.63272,474.45557,2.2263546,45.4135780538345
0.885,0.1,0.015,53.310204,207.22726,82.260025,478.09918,4.258749,45.61564467090648
0.9,0.085,0.015,51.343826,210.13196,77.42693,485.13867,1.258749,46.606580265615776
0.905,0.08,0.015,51.407322,216.63173,77.65733,492.71307,4.3333335,47.242006756190676
0.905,0.075,0.02,49.15637,213.77888,75.35444,490.71307,2.5530777,48.101132519121165
0.91,0.07,0.02,50.64737,222.67455,78.34487,493.71307,2.0,47.8304368313693
0.895,0.085,0.02,50.50127,217.05287,79.87771,496.71307,1.5,47.46695411949622
0.9,0.085,0.015,52.036682,222.10173,79.64717,499.71307,0.16666651,46.82809963742602
0.9,0.085,0.015,53.818356,227.31052,82.29215,503.33862,3.0,46.73592119067325
0.9,0.08,0.02,55.92925,224.55005,84.52917,506.33862,2.0,46.39816197057371
0.9,0.08,0.02,56.693832,226.97311,84.32121,509.33862,1.333334,46.89355713772966
0.905,0.075,0.02,57.71823,232.62582,84.82557,512.3386,0.16666651,46.749411108457025
0.9,0.08,0.02,54.22051,212.755,71.43703,456.7396,1.0,46.321110853641585
0.9,0.08,0.02,54.287544,212.19043,72.89828,468.7396,1.0,46.59803642863699
0.905,0.075,0.02,54.406025,215.69928,73.56648,480.7396,2.0,47.10429706002469
0.91,0.07,0.02,55.214806,223.02966,76.254105,493.51785,1.0,47.60231677596312
0.9,0.08,0.02,56.226444,220.5317,78.798874,503.34232,0.0,46.99184567520433
0.885,0.095,0.02,55.56115,217.90157,81.39233,511.36176,2.0,46.93935792600678
0.89,0.085,0.025,56.297874,213.60834,78.733154,518.03394,0.83333397,47.166589558568376
0.89,0.085,0.025,56.443947,217.09929,79.61958,520.03394,0.0,47.511313721021
0.9,0.075,0.025,57.75644,225.2364,83.05048,522.03394,0.0,47.05373118675925
0.89,0.085,0.025,55.978916,201.7379,76.39161,442.36304,2.0,44.77345015809987
0.885,0.09,0.025,55.755848,201.92435,76.93302,451.36304,1.0,45.42227146866935
0.88,0.1,0.02,54.94488,199.29749,72.358154,427.31192,1.4794807,45.10041132224433
0.89,0.09,0.02,54.338017,199.9427,69.07025,433.41574,0.0,46.048835195710126
0.9,0.085,0.015,55.71865,207.98062,68.365654,445.41574,0.0,45.60392256340492
0.825,0.145,0.03,48.99049,150.46257,68.02358,343.55646,0.0,43.305047398549505
0.81,0.16,0.03,48.36384,150.25714,69.67298,347.55646,0.0,43.64487782889773
0.815,0.155,0.03,49.144695,152.9583,69.901,351.40796,0.0,43.925711369054625
0.815,0.155,0.03,50.414894,155.85318,72.39163,354.35666,0.0,43.74492047586682
0.82,0.15,0.03,49.956944,151.69777,68.290306,358.06262,0.0,43.754223625917795
0.805,0.16,0.035,49.509537,147.51068,70.57438,357.06262,1.3939686,43.64799921544908
0.8,0.165,0.035,50.386494,149.49762,72.443344,359.39597,1.0,43.39935621646145
0.8,0.17,0.03,51.03385,151.1692,74.90325,361.7293,0.0,42.69501674186904
0.8,0.175,0.025,50.717983,152.03036,73.09527,363.77478,0.0,42.77123988597304
0.795,0.18,0.025,52.637154,155.98102,74.752205,366.10812,0.0,42.25266209474648
0.805,0.175,0.02,53.72759,160.46512,76.48474,368.44147,1.2523379,41.93807046242
0.775,0.205,0.02,52.30745,159.02678,79.4779,367.44147,1.4303608,42.23288429893727
0.76,0.215,0.025,50.21883,158.8654,82.294945,366.44147,0.0565567,42.91970217158155
0.76,0.215,0.025,50.17567,162.83295,83.92736,365.44147,0.0,43.23505535421464
0.76,0.215,0.025,49.085682,164.43117,85.30482,364.44147,1.0,43.59552590144449
0.76,0.215,0.025,49.66675,167.54938,87.59751,366.75128,0.0,43.70533990484546
0.765,0.205,0.03,48.550987,167.13158,88.23291,365.75128,0.5000005,44.32763649627668
0.76,0.21,0.03,46.549458,168.81061,89.612305,368.64185,0.076833725,45.746013521406894
0.755,0.215,0.03,46.155926,170.08995,91.37834,370.02798,1.0184832,46.25550468680012
0.76,0.205,0.035,48.437828,173.48306,95.54864,371.46814,0.66666603,45.43988879003882
0.765,0.2,0.035,49.349117,178.81235,99.02095,375.24042,0.0,45.65875040002538
0.77,0.195,0.035,49.546326,181.16199,102.36365,378.89835,0.0,46.19666772398159
0.78,0.19,0.03,52.235985,186.73045,103.6634,386.26364,0.0,45.526946212019766
0.78,0.19,0.03,51.50755,188.55844,103.79596,395.26364,0.85148144,45.528260959483305
0.74,0.195,0.065,45.75147,162.17377,103.09611,328.199,0.42604065,45.92138923401217
0.74,0.19,0.07,44.988243,161.99396,105.57815,332.199,0.42440128,46.75528441877941
0.75,0.18,0.07,44.921776,163.49829,102.56492,336.199,1.02104,46.97179087729455
0.77,0.17,0.06,46.362747,169.9733,100.78976,346.41663,3.0,46.98987079487415
0.76,0.18,0.06,46.15038,169.65327,102.96136,350.41663,1.1865091,47.32823527101573
0.755,0.18,0.065,47.75448,171.24953,106.69942,355.3637,0.70119,46.27009417244335
0.76,0.175,0.065,49.580276,175.3202,109.27628,359.86612,1.262826,45.75349377129896
0.77,0.175,0.055,51.578716,179.97441,108.76965,366.72327,0.012825966,44.9464072128315
0.78,0.175,0.045,53.83635,185.70811,103.974106,380.72327,2.0,43.70766243353136
0.785,0.17,0.045,55.15762,191.91238,106.314316,388.12305,0.41666698,44.142826075176345
0.785,0.16,0.055,54.91408,190.85669,105.58972,393.05673,4.0,44.58507299538178
0.785,0.165,0.05,51.606102,176.54788,92.29842,363.03235,1.0,44.83615963743432
0.78,0.165,0.055,52.348694,175.995,95.14074,364.53235,1.0,44.78514990363692
0.775,0.17,0.055,51.53149,176.83482,96.70391,366.03235,3.0,45.60075362226053
0.78,0.165,0.055,51.586876,176.8515,96.52905,365.03235,0.83333206,45.88894345391964
0.76,0.19,0.05,50.842655,174.10674,95.642,369.03235,2.134316,45.089900275255786
0.765,0.185,0.05,50.517723,174.21167,97.552605,373.03235,3.4900532,45.44321684994793
0.755,0.195,0.05,50.715866,171.62592,96.90219,372.03235,0.9900532,44.856722129818074
0.77,0.19,0.04,50.734486,173.46864,94.24699,371.03235,2.1419272,44.25378873263253
0.705,0.2,0.095,44.335014,133.1924,89.65993,290.6496,0.80859375,43.74186853252104
0.725,0.19,0.085,45.794373,142.32622,91.31454,301.0288,3.0,43.9100136316265
0.725,0.185,0.09,46.42597,142.00749,94.27369,310.2045,1.75,44.04674579339189
0.735,0.18,0.085,47.01515,144.93365,93.036766,318.48718,0.0,44.258843691495706
0.74,0.175,0.085,47.97083,145.67107,91.75112,316.48718,0.0,44.061200971908875
0.75,0.16,0.09,47.82493,145.57257,93.23043,314.48718,2.0,44.26039979864436
0.735,0.18,0.085,49.401295,148.55717,97.37061,320.88544,4.589799,43.21510783594567
0.74,0.175,0.085,50.990364,151.7286,99.29859,323.88544,6.5,42.892077885218896
0.74,0.185,0.075,51.98668,156.7687,101.71712,331.14856,2.7078686,42.86001358491194
0.75,0.18,0.07,53.665028,159.17886,102.489876,337.83423,3.0,42.20540627099399
0.755,0.175,0.07,54.350075,163.64424,104.3084,342.97333,5.0,42.641434878343716
0.765,0.175,0.06,55.22849,163.58806,102.16304,348.78857,4.083332,41.766149494214915
0.785,0.16,0.055,56.151627,170.00864,100.56618,356.78857,1.3333321,42.25633081905107
0.775,0.175,0.05,55.161453,169.4074,92.54485,359.78857,0.0,42.04793591119232
0.78,0.17,0.05,54.87627,171.00557,90.9452,362.78857,1.5,42.230147905735066
0.79,0.165,0.045,55.966625,175.2962,90.810265,365.78857,0.9677677,42.01521510503153
0.785,0.17,0.045,58.27847,178.83586,94.2776,368.78857,1.4677677,41.21528536098049
0.775,0.185,0.04,58.788204,179.14526,93.32232,376.78857,4.0,40.725319647899596
0.79,0.18,0.03,59.61068,184.2309,88.30103,384.78857,5.7132683,40.55017212571693
0.8,0.17,0.03,60.78894,189.39613,90.599266,391.49304,3.9632683,40.70529664262722
0.795,0.175,0.03,59.038105,187.71297,91.76814,396.87802,2.2132683,41.62075399342575
0.8,0.17,0.03,57.298004,189.83476,93.23653,399.87802,2.0,42.83733829069388
0.705,0.205,0.09,45.888916,133.6087,80.49325,292.06613,1.0,43.138241623993956
0.715,0.2,0.085,46.066444,136.8338,81.483925,300.06613,2.281752,43.42163228731078
0.72,0.195,0.085,45.46318,136.99158,81.08355,298.06613,2.0,43.82226605981123
0.715,0.195,0.09,44.867264,136.07979,82.21739,296.06613,2.767939,44.55943101843877
0.73,0.185,0.085,45.292442,135.6852,84.1563,299.06613,1.0,44.14935282229271
0.7,0.215,0.085,43.873257,133.22356,86.109474,297.06613,0.33333302,44.044434636358346
0.68,0.23,0.09,43.61031,133.14908,88.58725,295.06613,4.0,43.92090271109191
0.665,0.24,0.095,43.79413,133.92422,92.577675,293.38843,3.0,43.58803117819479
0.68,0.24,0.08,44.57076,139.16507,90.14015,302.9969,3.1967745,43.53362162399571
0.695,0.22,0.085,46.24203,141.05243,91.82694,304.13278,0.45961523,43.17704837453857
0.705,0.215,0.08,46.582993,143.18732,91.35069,313.08826,1.0,43.61449409940541
0.72,0.205,0.075,46.91295,147.81096,92.314125,321.9733,3.0,44.305121512603364
0.735,0.19,0.075,46.983227,151.86963,93.83517,330.9733,0.84314823,45.22924608473113
0.745,0.19,0.065,46.169254,155.70914,91.40535,334.9733,0.7048569,46.09272457901898
0.75,0.185,0.065,48.67722,159.94568,93.03373,343.9733,0.7048569,45.31960966686165
0.755,0.195,0.05,47.644512,160.50215,87.796875,352.9733,0.0,45.138456114964356
0.765,0.19,0.045,49.131817,165.28162,88.486565,361.9733,0.7048569,44.916502877676976
0.76,0.2,0.04,49.106747,170.54874,91.127075,370.9733,0.7048569,45.45858417128693
0.785,0.18,0.035,50.546364,177.8378,87.619995,379.9733,0.7048569,45.490167131523776
0.79,0.18,0.03,51.146305,182.50766,88.903,388.9733,0.0,45.48949550362704
0.81,0.17,0.02,53.418964,188.08963,85.58281,397.9733,0.47593498,44.34721980176255
0.815,0.17,0.015,53.921005,190.30212,86.49477,401.9733,0.0,44.091505555905314
0.815,0.17,0.015,54.541405,192.65633,88.12958,405.9733,0.0,44.1472551078914
0.805,0.18,0.015,52.28635,191.07526,88.43416,409.9733,0.0,45.22103315385175
0.81,0.175,0.015,54.164932,191.84315,91.42847,412.77786,0.0,44.24890839757427
0.81,0.175,0.015,55.727703,194.60815,94.18702,415.4182,4.2006416,43.525255531712894
0.815,0.17,0.015,57.263397,198.37576,96.11478,422.98944,2.5339746,43.66442736431781
0.815,0.17,0.015,57.18476,201.0606,96.70543,426.98944,0.86730766,44.28909598307291
0.825,0.165,0.01,59.00766,206.25499,95.47699,434.39944,1.0,43.312683359541545
0.845,0.15,0.005,58.46656,205.73628,94.45959,440.11325,1.0,43.830429005029146
0.84,0.15,0.01,58.705463,203.68796,96.642494,444.11325,0.0,44.30385864738491
0.85,0.14,0.01,58.603947,204.30412,93.0317,448.11325,2.0,44.943376127048396
0.845,0.145,0.01,58.784462,205.3121,94.82934,452.11325,0.0,44.34284045019012
0.735,0.2,0.065,45.14779,148.27242,88.57368,314.72266,1.0,44.91002904281049
0.735,0.2,0.065,47.10472,152.54277,92.38402,322.77948,1.5,44.21762635448977
0.765,0.18,0.055,49.27718,159.86371,92.40992,334.03275,0.0,44.18395099412737
0.78,0.165,0.055,50.69837,164.47316,93.1053,348.03275,2.581005,44.17745422157168
0.795,0.16,0.045,51.52237,169.28278,94.13541,362.03275,2.581005,44.30467276748095
0.805,0.155,0.04,51.65175,166.32524,89.67469,361.03275,2.581005,43.6724916499661
0.81,0.145,0.045,51.374397,165.61801,90.70434,360.03275,2.0,43.965729364397696
0.815,0.14,0.045,52.51895,169.81596,93.03487,359.03275,4.0,43.834471435431624
0.805,0.14,0.055,51.344532,162.5796,92.01129,358.03275,1.2678337,44.33757902593788
0.815,0.135,0.05,50.13605,164.10056,91.61245,357.03275,1.1948204,44.794841996037576
0.82,0.13,0.05,50.333355,165.50186,93.676346,356.03275,0.0,44.919811764208134
0.83,0.12,0.05,51.215313,165.093,92.640854,360.03275,5.0,43.88202962896321
0.815,0.135,0.05,51.74117,163.86589,95.50774,359.03275,4.0,43.890602217259584
0.8,0.15,0.05,51.63274,162.37148,97.56035,360.19513,4.816331,44.01391931978287
0.8,0.155,0.045,52.094154,163.79431,98.32277,369.19513,1.0,43.77362313228514
0.81,0.145,0.045,52.660896,167.00719,98.77042,378.19513,1.0,43.985951407761604
0.82,0.145,0.035,52.136147,170.50749,95.28468,387.19513,2.0910273,43.99734888935927
0.83,0.135,0.035,51.954395,173.42773,93.5935,386.5636,2.816331,44.78834371903212
0.85,0.115,0.035,53.07726,183.73181,95.0027,400.19513,0.31366253,45.890458690424566
0.86,0.105,0.035,51.224915,181.27046,92.88827,409.19513,1.2496214,46.84538339140272
0.865,0.1,0.035,51.440414,185.62086,93.67842,418.19513,1.3163309,47.6043909873697
0.87,0.095,0.035,54.376022,192.84053,97.234726,425.63867,2.6217327,46.55472158220072
0.87,0.095,0.035,55.632023,192.68217,97.96432,431.5636,1.8824649,46.01390557554987
0.885,0.09,0.025,55.449234,195.10931,92.85281,440.5636,1.8824649,45.11732537038915
0.87,0.105,0.025,54.39977,188.34811,94.34023,439.5636,1.0,44.922438206587685
0.865,0.11,0.025,53.75984,188.47911,93.826614,441.4825,1.0,45.19960625911335
0.87,0.105,0.025,54.964485,193.87883,95.5031,457.50995,0.38656044,45.72910730898001
0.87,0.105,0.025,56.498806,197.07796,97.81856,461.50995,1.8824649,45.41768470018724
0.88,0.095,0.025,56.96566,198.78976,97.48551,465.50995,1.7165422,46.06034350445407
0.895,0.085,0.02,56.774364,200.82234,92.88662,469.50995,0.5386553,46.48476505694998
0.89,0.09,0.02,55.849773,201.30743,93.40243,473.50995,0.0,47.28516783031955
0.895,0.085,0.02,58.878677,210.82498,97.04421,507.50995,0.012537479,46.74997048406868
0.9,0.08,0.02,60.620953,214.31415,98.269295,511.50995,0.012537479,46.064290728467995
0.915,0.07,0.015,60.766308,224.54921,86.70631,515.50995,1.0,46.16632770905562
0.91,0.075,0.015,61.924145,226.2871,90.209496,524.50995,0.34217262,45.777649597788695
0.92,0.07,0.01,62.761124,231.02263,86.27816,535.05804,2.9829974,44.95328264181444
0.925,0.065,0.01,63.130527,238.25034,84.27433,534.05804,3.5,45.564721135640866
0.925,0.065,0.01,62.99433,243.51033,84.29842,540.282,1.4578476,46.49564358142379
0.925,0.07,0.005,62.44798,243.36406,83.13823,545.8085,0.012537003,45.93900196693335
0.93,0.065,0.005,62.789635,246.22081,81.165184,553.1153,1.4999981,45.51521058146318
0.935,0.06,0.005,62.51122,251.67012,81.461494,559.6578,1.0,45.377576182363555
0.935,0.06,0.005,64.464325,256.88834,83.88407,568.4184,1.0,45.09867708712409
0.81,0.155,0.035,51.508705,165.94508,77.53658,378.54855,0.53150034,43.64155162066162
0.81,0.16,0.03,51.283356,170.74776,77.33437,386.54855,1.0,43.98341482452088
0.82,0.155,0.025,51.981926,174.33693,75.93661,394.54855,0.87498665,44.05652603926865
0.825,0.15,0.025,52.043537,177.0933,76.941124,402.54855,1.0,43.92835136581561
0.84,0.14,0.02,52.942837,183.17873,76.98682,410.54855,2.0,43.97091744562203
0.855,0.125,0.02,53.691235,191.28214,79.5628,422.2686,2.7500005,44.3858455994341
0.855,0.125,0.02,51.24534,189.20566,78.99135,425.2686,2.2500005,45.83084259319003
0.86,0.12,0.02,51.55921,193.73651,79.68545,428.2686,0.31148243,45.96247762887287
0.855,0.125,0.02,50.096577,194.78014,79.98806,431.2686,0.8539009,47.42864796510912
0.815,0.15,0.035,47.300503,170.7071,81.6438,359.61926,2.5,45.90013442108466
0.83,0.135,0.035,48.167328,173.42104,83.17743,370.61926,2.0,46.203027084018686
0.84,0.125,0.035,49.163883,171.87856,83.92659,374.11926,0.96570015,46.00350618637458
0.845,0.115,0.04,50.20279,165.38086,83.96356,380.11926,2.3048582,45.0623119212396
0.84,0.125,0.035,50.201263,171.7023,86.27593,391.11926,1.861855,45.2490640427859
0.84,0.125,0.035,50.711014,175.12605,89.06127,402.11926,0.19518852,45.966945317254606
0.855,0.115,0.03,50.963997,173.4907,88.750175,408.11926,1.0,45.842789311660454
0.86,0.11,0.03,51.4686,176.13652,89.83702,414.11926,1.0,46.3542376651676
0.85,0.12,0.03,49.99111,175.23805,89.49891,410.11926,1.0,47.13941113939654
0.845,0.125,0.03,49.191093,172.81844,89.141464,406.11926,0.0,47.815960862572865
0.85,0.13,0.02,49.67318,175.52255,85.495995,394.8501,1.0,46.365653139087954
0.845,0.135,0.02,49.83961,177.23486,87.77108,402.03473,0.0,46.79381823166477
0.845,0.135,0.02,51.05189,180.61966,90.06089,413.0604,1.6829758,47.04287710865174
0.865,0.115,0.02,52.77586,191.59901,92.33809,437.0604,0.0,47.64034927654211
0.87,0.11,0.02,53.34625,193.91571,94.924545,441.0604,1.8423123,48.37289944815711
0.855,0.125,0.02,51.99498,192.47905,97.48902,448.44,0.0,49.20131807478173
0.86,0.12,0.02,52.765903,194.07068,99.34351,456.12567,0.3115878,48.9166396282435
0.87,0.11,0.02,52.06212,199.3289,99.8351,464.3888,2.8618336,49.64454940291762
0.87,0.11,0.02,52.00176,203.67079,100.54025,472.3545,0.8618336,50.51479050751004
0.88,0.1,0.02,51.26558,202.92087,98.356125,479.75275,1.0,51.18078231796244
0.89,0.095,0.015,54.596703,210.77217,99.538025,489.03543,2.1493359,48.5736073206499
0.905,0.085,0.01,56.68923,218.2647,99.326515,500.27258,1.3695679,47.22489188752661
0.905,0.085,0.01,58.216877,223.01408,101.87215,514.2726,1.1088071,47.24598560576851
0.9,0.09,0.01,58.108875,221.57396,101.92406,523.7894,1.3695679,46.67322445613536
0.88,0.115,0.005,55.535038,210.30505,93.13646,477.6943,1.3695679,45.4551163917713
0.875,0.12,0.005,56.185284,211.81212,94.58304,483.9115,1.3695679,45.29588238314318
0.885,0.11,0.005,55.864044,214.76463,94.80148,493.9115,3.0,45.39711923924915
0.785,0.17,0.045,44.75599,156.42621,87.32063,328.4142,0.5,44.657142606367415
0.795,0.16,0.045,43.792606,156.15753,82.737045,332.53647,1.34231,45.94546606134827
0.785,0.17,0.045,42.7613,155.86494,83.271454,334.53647,0.0,46.9091849706092
0.79,0.175,0.035,44.579807,160.96239,82.339615,341.53647,1.0,46.06733116574469
0.79,0.18,0.03,44.067524,162.47633,84.70225,348.53647,1.0,46.67814547757007
0.78,0.155,0.065,42.830387,140.53139,80.04334,308.31784,1.0,45.55040531964187
0.785,0.15,0.065,43.539772,140.6182,80.57696,317.31784,0.0,45.69897065030818
0.775,0.16,0.065,44.0242,140.85924,82.52399,325.61908,0.16666412,45.2424031158489
0.765,0.175,0.06,43.312763,144.61337,83.927666,332.61533,3.0,46.01649450068362
0.78,0.165,0.055,44.673126,150.15002,84.92343,340.64633,0.0,46.45900841655384
0.79,0.165,0.045,45.99734,158.20538,87.61774,348.04166,0.0,46.77035876033915
0.795,0.16,0.045,47.665367,162.49864,89.58809,357.23264,0.0,46.57292576227246
0.825,0.14,0.035,47.13136,169.20113,83.52632,369.42764,0.9131794,47.83763662400452
0.815,0.15,0.035,47.72987,168.18974,87.08285,374.45465,0.16044426,47.21466399255587
0.82,0.145,0.035,48.97427,173.60252,88.91194,383.45465,1.6544099,47.09610504932789
0.83,0.14,0.03,50.925793,180.754,90.68821,392.45465,2.0000005,46.53830185899278
0.84,0.13,0.03,51.12382,182.25027,83.1247,401.45465,1.0,46.192266451173055
0.845,0.125,0.03,51.226856,185.3333,84.39352,410.45465,1.0,46.38081140619033
0.835,0.135,0.03,51.099686,187.55667,86.04982,419.45465,2.5,46.546048034288106
0.835,0.14,0.025,51.77566,195.70033,88.14321,428.45465,2.0,46.97803109881352
0.845,0.13,0.025,52.76437,200.47775,90.146095,437.45465,1.0,47.26237774804031
0.85,0.125,0.025,53.499317,198.75711,88.94634,436.45465,0.27820015,46.616900905146395
0.86,0.115,0.025,52.46411,193.57954,84.00115,435.45465,0.099998474,47.3723102177978
0.855,0.125,0.02,51.48348,193.95001,81.8351,442.84857,3.6666665,46.498613106436096
0.81,0.155,0.035,47.953014,169.4491,82.31826,358.78958,5.0,45.360038534679916
0.8,0.17,0.03,47.449852,168.58524,82.89082,362.78958,1.0,45.100169664248824
0.81,0.16,0.03,49.075108,173.52063,84.76273,368.44727,4.0,44.79651544257649
0.81,0.16,0.03,50.110466,177.9018,86.25888,377.44727,2.0,45.11166473728372
0.815,0.15,0.035,50.73904,175.98926,86.639465,386.09283,3.666667,44.907632727350574
0.815,0.15,0.035,50.190994,176.17902,86.59951,395.09283,0.666667,45.234455974066805
0.82,0.155,0.025,50.7132,186.00441,89.518364,403.42728,0.0,45.83426037416211
0.815,0.16,0.025,49.66055,184.49733,90.53611,412.56107,0.925787,46.150095606644754
0.825,0.155,0.02,49.640118,192.94449,91.41151,430.64752,0.0,46.967387039156165
0.84,0.14,0.02,50.611774,198.54124,93.18955,445.45035,1.6251354,47.2544927692943
0.86,0.12,0.02,52.031986,201.27974,93.33991,456.6542,1.6251354,47.42447837770305
0.855,0.125,0.02,50.98385,200.49197,94.20619,465.90982,0.0,47.87117780302651
0.86,0.125,0.015,52.110546,206.00858,95.66661,476.42224,0.0,47.04932721484056
0.875,0.11,0.015,55.70451,216.90631,98.81433,505.42224,0.0,46.51557300298009
0.855,0.125,0.02,51.769127,198.54791,90.30762,459.02475,2.0,45.59102161550254
0.865,0.12,0.015,52.121067,200.5702,84.8491,458.02475,4.0,45.23041854420444
0.855,0.13,0.015,52.43818,200.26974,86.24551,457.02475,3.1353827,45.04834069714707
0.86,0.13,0.01,52.029312,203.69095,85.3983,456.02475,0.6895914,45.81007111342842
0.87,0.12,0.01,51.43876,206.59467,84.480576,455.02475,0.5,46.70331668625295
0.865,0.125,0.01,51.24943,208.14243,84.131256,456.52475,2.319542,46.504501368282945
0.87,0.115,0.015,51.617416,210.1421,84.86627,455.52475,2.319542,46.676159152397304
0.875,0.11,0.015,51.42045,211.53471,83.47752,460.75748,2.319542,47.08285738401173
0.83,0.12,0.05,47.12543,167.5906,78.67952,350.96497,0.8433728,46.18384081923432
0.825,0.13,0.045,47.04145,169.0237,81.13246,353.96497,0.0,45.91675085898942
0.83,0.12,0.05,48.100864,171.4138,82.39943,361.96497,0.0,45.72745218146156
0.83,0.12,0.05,48.287,169.65569,82.573944,364.96497,0.0,45.67407779109635
0.83,0.12,0.05,48.184414,174.4292,84.09838,365.46497,0.0,46.313017504959134
0.835,0.12,0.045,47.87018,177.8683,78.625374,365.96497,0.0,46.75961521596764
0.84,0.11,0.05,46.921314,176.69373,77.19826,366.46497,0.0,47.9117979458606
0.845,0.105,0.05,49.356133,179.3717,78.857086,369.46497,0.9890213,46.850667389750015
0.85,0.1,0.05,50.49246,177.04518,80.31756,367.46497,0.0,45.90977487032068
0.835,0.115,0.05,50.470165,173.9451,82.215355,367.96497,0.76836205,45.52750555048624
0.825,0.125,0.05,51.435436,169.3924,82.83102,370.96497,0.0,44.618774136997665
0.83,0.12,0.05,50.695606,159.49495,76.93341,351.79123,0.76836205,44.259884369366766
0.85,0.105,0.045,51.69869,165.99977,75.42582,360.79123,0.037452698,44.70063029214088
0.875,0.095,0.03,51.81955,188.58757,73.85422,383.24243,0.5,46.72309391026647
0.885,0.085,0.03,52.218086,195.97472,73.47663,397.24243,0.0,46.958817595233995
0.885,0.085,0.03,52.669674,199.17061,74.789894,411.24243,0.94731474,47.26073704261944
0.895,0.075,0.03,52.44617,202.40776,73.33708,426.22702,0.0,47.988273022267094
0.9,0.075,0.025,54.55085,207.18692,75.25617,437.74698,0.23204899,46.73273028227413
0.895,0.08,0.025,55.506313,206.20253,75.81259,446.51636,0.0,46.08691862159321
0.89,0.09,0.02,54.463764,213.28253,75.34434,455.27698,0.33333397,46.55213449054463
0.89,0.085,0.025,55.84713,207.47836,76.48038,467.0984,0.13204575,46.07783176994417
0.895,0.085,0.02,57.622852,222.13667,78.484375,476.0984,0.0,46.58382601559424
0.89,0.09,0.02,58.685448,224.18486,80.962006,485.0984,2.0,46.59667573979823
0.89,0.09,0.02,59.324184,228.7229,81.72131,494.0984,0.0,47.0215228550951
0.86,0.105,0.035,55.017105,187.83206,80.73005,423.36743,0.06736946,46.73989647422559
0.855,0.11,0.035,54.082916,188.03085,79.05813,427.36743,0.0,46.639467751161646
0.855,0.11,0.035,53.408318,191.79266,78.925606,431.36743,0.5,47.64931242313469
0.855,0.115,0.03,54.366314,194.38504,78.86018,442.8114,0.43085146,46.771203627660725
0.795,0.155,0.05,47.44074,164.52338,75.42,351.46402,1.0,46.634059075047844
0.805,0.155,0.04,49.13031,169.33673,76.50436,358.77402,2.0,45.83513033245981
0.79,0.175,0.035,48.862736,164.96274,76.50676,362.13345,0.0,44.97517292763223
0.8,0.165,0.035,49.497684,171.07275,76.92812,371.13345,1.0,45.89175761201477
0.785,0.185,0.03,46.333717,166.67957,74.592415,362.1625,1.0,46.56580235886213
0.78,0.19,0.03,45.143013,168.20084,74.010895,367.78214,0.33333302,47.68558620394652
0.78,0.19,0.03,44.506073,169.77441,73.130875,371.44797,0.0,48.36120456325807
0.795,0.175,0.03,45.926018,174.94426,72.794174,376.4479,1.0,48.746458763045666
0.81,0.165,0.025,47.897896,182.67688,74.33969,385.3442,1.0,48.482385541297845
0.81,0.165,0.025,50.49344,184.6217,77.89962,394.3442,0.66666794,46.94991833587119
0.81,0.17,0.02,50.828938,189.9461,77.06146,403.3442,1.0,47.037551908353635
0.775,0.185,0.04,47.237312,165.2712,74.095,346.4309,0.8871598,45.67699708426517
0.7,0.22,0.08,41.92884,135.11171,73.12309,281.96594,0.2017088,44.55290740894452
0.7,0.215,0.085,42.462166,132.5797,71.472305,282.96594,0.25,43.89599515238115
0.7,0.205,0.095,42.79534,130.86559,72.50736,281.46594,0.29393244,44.075460357747936
0.69,0.205,0.105,42.205917,126.8899,73.097015,278.9351,0.29393244,44.182484818942605
0.685,0.215,0.1,42.72719,127.39887,74.613525,287.9351,2.0,43.52933263480372
0.705,0.195,0.1,43.71092,132.38182,75.713875,291.9351,0.5,44.28453443192847
0.71,0.2,0.09,44.279434,133.52414,76.3321,295.9351,0.901083,43.590605611123465
0.695,0.215,0.09,45.16465,133.34714,79.759766,299.9351,0.401083,42.71699372398871
0.7,0.215,0.085,46.885555,138.09413,82.40238,303.9351,1.1666665,42.24805427667161
0.705,0.21,0.085,46.7002,134.3747,82.85847,304.60175,0.6666665,41.940962331671464
0.72,0.21,0.07,46.132637,133.6716,80.654564,303.60175,0.16666651,41.538585995236645
0.72,0.21,0.07,45.64844,132.43892,80.50527,302.60175,0.0,41.79235733370297
0.725,0.205,0.07,45.358624,134.48836,79.54359,301.60175,3.0,42.538463599281386
0.735,0.19,0.075,45.418392,134.03618,81.34145,300.60175,2.0,43.46809677449345
0.735,0.19,0.075,45.269855,134.72374,82.52706,301.5097,0.5,44.06443159700939
0.765,0.165,0.07,45.062603,137.58688,80.991646,304.01248,1.2590408,45.12499755887984
0.77,0.17,0.06,42.877495,137.69153,77.31102,311.92212,1.0,46.40594121428876
0.765,0.18,0.055,45.346943,142.66943,80.82018,318.42212,0.9297857,45.214040223094344
0.76,0.185,0.055,46.281647,145.11229,83.04777,324.92212,1.0,44.74472411432362
0.79,0.165,0.045,47.619434,150.5227,81.777725,338.92212,1.0,44.763050996400125
0.8,0.16,0.04,47.60106,152.5464,79.731926,342.92212,0.4078846,44.54125347648005
0.795,0.165,0.04,47.765232,155.10681,81.650826,345.25546,0.5,44.5067264637255
0.805,0.16,0.035,48.991856,161.16356,83.25436,356.52386,1.0,44.25817733881558
0.81,0.155,0.035,47.73352,163.36432,82.84333,365.52386,0.0,45.37359022368037
0.82,0.14,0.04,49.40331,167.47704,85.19112,374.52386,1.0,45.35237370258983
0.82,0.14,0.04,49.232822,168.61589,86.352646,373.52386,1.1623001,46.125424710793595
0.825,0.135,0.04,49.046814,169.21448,86.26888,376.91602,1.0,46.58204633941932
0.83,0.13,0.04,49.712067,171.9898,86.051735,383.00644,0.4461074,46.57907115789749
0.825,0.135,0.04,51.16868,174.6238,88.81431,392.00644,0.0,46.02644887626229
0.84,0.13,0.03,52.417667,181.47061,88.864105,400.98325,0.49142075,45.48320186250203
0.845,0.125,0.03,53.673298,185.53564,90.44685,409.64566,0.4074602,45.72670717271103
0.855,0.115,0.03,56.843338,192.8208,93.25556,418.23386,3.0,45.169316632673144
0.855,0.115,0.03,54.277138,191.04222,91.29156,426.42056,0.0,46.01076925475354
0.88,0.1,0.02,55.38274,201.76358,82.63899,435.42056,0.5,46.19683340041229
0.885,0.095,0.02,54.291103,202.1229,82.3617,434.42056,0.0,46.77965950407088
0.88,0.1,0.02,53.879345,204.28012,83.30822,443.42056,0.0,47.09597583966388
0.87,0.11,0.02,52.50468,202.89232,84.0246,447.42056,0.5,48.0864325403636
0.875,0.105,0.02,54.696365,207.98245,87.5706,461.42056,0.9166651,47.087931190777454
0.88,0.1,0.02,56.405228,216.71025,89.753784,470.42056,3.7478905,46.776999106499716
0.88,0.1,0.02,57.332394,221.96655,91.71916,479.42056,1.2478905,46.81569230413879
0.88,0.1,0.02,58.221256,220.03223,92.3143,488.42056,1.779685,46.41798366524017
0.885,0.095,0.02,58.95288,225.97739,93.26646,492.42056,4.0,46.73098017292796
0.855,0.12,0.025,54.75534,194.5071,87.68061,445.89932,2.4494991,45.8730125259317
0.875,0.1,0.025,55.194683,205.39363,85.942856,453.56226,2.2403107,47.024720915345824
0.895,0.085,0.02,54.501106,203.00906,78.73795,462.56226,0.0,46.42057559275236
0.885,0.095,0.02,53.565823,200.26428,79.68298,461.56226,3.0,46.73327959931339
0.895,0.085,0.02,53.25983,207.72502,78.958496,462.2289,2.8781433,47.512735101990984
0.81,0.15,0.04,46.776405,154.79688,77.19572,338.7177,3.0,45.96135891965241
0.825,0.14,0.035,48.74239,160.71718,78.150505,345.7177,0.75,45.15586612722836
0.82,0.145,0.035,49.36859,154.9455,77.7221,347.7177,0.5,43.69614049572919
0.835,0.135,0.03,50.982697,161.05641,76.62771,359.7177,3.0,43.11858946141729
0.83,0.15,0.02,49.178402,165.1235,72.02308,371.7177,0.0,43.32225559905055
0.725,0.215,0.06,40.177464,127.692314,71.15295,273.44128,0.0,43.15415675888653
0.73,0.215,0.055,39.53973,127.947014,70.138466,275.11194,0.0,43.558079856200486
0.75,0.2,0.05,39.924316,132.87314,71.358444,290.46768,0.890831,44.05173713604744
0.765,0.195,0.04,39.6077,136.3922,69.7878,301.46768,1.25,44.37769354630291
0.775,0.185,0.04,39.503403,138.40047,70.25373,297.46768,0.5,45.12520556046002
0.76,0.195,0.045,40.667732,137.8084,73.94853,298.46768,0.8520055,44.379074385622516
0.765,0.195,0.04,42.507824,142.47874,76.12821,314.46768,2.0,43.895343749783926
0.785,0.17,0.045,43.6795,146.00925,77.5396,315.46768,2.0,44.55538301933848
0.78,0.175,0.045,43.11925,144.03783,78.0948,316.46768,3.25,44.73767252967809
0.785,0.175,0.04,42.987278,141.57799,75.29951,312.46768,1.2175846,44.30529153523821
0.78,0.175,0.045,42.961685,141.91443,76.60262,313.46768,0.9166665,45.17110645250068
0.795,0.16,0.045,44.30465,147.28488,78.60164,327.26746,0.5,45.37991509593121
0.81,0.155,0.035,45.870884,154.34483,78.59186,342.15054,1.7698574,44.940409375005395
0.82,0.145,0.035,47.278275,158.87491,79.544815,363.15054,0.523293,45.18885319209221
0.82,0.145,0.035,46.968365,160.43706,79.951324,359.15054,1.7388287,45.335629409804824
0.81,0.155,0.035,48.323406,162.18222,82.782814,360.15054,1.666667,44.61023710935842
0.825,0.15,0.025,49.18723,169.43776,80.9018,375.44995,1.7388287,44.58475301673752
0.845,0.145,0.01,52.127125,189.00458,82.73066,421.44995,1.0,44.91081539050356
0.855,0.135,0.01,53.870174,197.23863,84.382195,438.82486,1.7388287,45.15353765508917
0.86,0.13,0.01,53.549046,201.56058,86.27214,453.91132,1.2748337,45.48480859240226
0.86,0.13,0.01,53.25541,204.27728,86.73806,449.91132,2.7317219,45.98096336994786
0.855,0.135,0.01,52.66292,203.45706,86.903915,445.91132,0.0,46.2364103483269
0.87,0.125,0.005,54.630394,216.88374,88.47658,491.91132,2.0,46.92380429332843
0.775,0.18,0.045,44.560932,154.20004,84.57584,321.93195,1.0,46.2559072676886
0.795,0.175,0.03,43.955875,157.72827,79.59914,325.93195,0.0,46.424449723765974
0.79,0.18,0.03,46.12173,157.63925,81.44684,331.29868,0.44259405,45.023264179846585
0.795,0.18,0.025,47.719296,160.42877,81.319885,343.09265,3.25,44.16300382181362
0.8,0.175,0.025,48.185276,162.19193,82.03188,358.1201,2.25,44.63312935935391
0.805,0.17,0.025,48.702435,167.20699,82.32282,366.1201,0.78606987,45.16532842140077
0.805,0.17,0.025,49.048378,169.63303,83.35138,374.1201,1.3567786,45.422929665626725
0.81,0.165,0.025,48.93272,174.31616,82.919174,377.1201,0.5133896,45.94877597440063
0.815,0.16,0.025,49.94246,179.83415,84.60336,385.93362,1.0,46.4626932175961
0.845,0.14,0.015,50.934326,182.5926,77.30114,395.48172,0.0,46.12593306285271
0.73,0.215,0.055,39.763714,131.34738,73.12779,291.4534,1.0,44.943776745843934
0.76,0.19,0.05,39.16575,138.24182,72.615105,304.4534,0.583333,47.46238745316441
0.75,0.2,0.05,40.56067,141.54274,76.11888,312.4534,2.0,46.93254855762643
0.74,0.2,0.06,40.23004,137.58511,77.51219,293.01007,0.66680527,46.5163206780926
0.73,0.215,0.055,41.10334,141.09906,79.935875,302.01007,0.45898914,45.94980970542019
0.735,0.21,0.055,42.476627,144.08,79.131744,310.5655,0.92053986,45.506738322990714
0.74,0.205,0.055,43.769485,149.05806,81.655235,319.36734,0.9715457,45.40959116283193
0.755,0.2,0.045,44.129005,151.43678,78.30707,328.36734,0.47663736,45.48596660940893
0.76,0.19,0.05,45.27766,153.5593,79.96333,337.36734,0.0,45.65734592694935
0.78,0.17,0.05,47.32189,155.99622,81.95124,346.36734,0.0,45.23779961551918
0.77,0.18,0.05,47.47907,156.46701,83.72807,351.41678,0.0,45.151144267579184
0.77,0.185,0.045,47.42995,160.38013,84.5115,357.9866,2.0,45.336731452145614
0.77,0.19,0.04,48.857796,162.82574,83.30802,365.25336,3.4073582,44.340931206868845
0.775,0.185,0.04,49.125042,165.84143,85.23938,373.0197,1.2986817,44.954761988941755
0.795,0.175,0.03,49.21951,170.52878,83.77556,381.50113,3.0,44.96355303793098
0.79,0.175,0.035,49.716225,169.88771,85.730934,389.4937,2.5182724,45.14048577149515
0.79,0.18,0.03,50.312935,173.2393,85.742455,397.25363,3.7111855,45.30783849062573
0.8,0.165,0.035,51.088223,172.41641,85.36246,400.4463,0.0,45.227873645402724
0.815,0.15,0.035,49.468563,168.42772,78.21666,404.0993,1.0,45.88962330819777
0.81,0.155,0.035,47.652885,169.37788,78.39373,405.5993,1.0,46.979988825558394
0.815,0.15,0.035,48.019035,173.95853,79.38887,407.47778,0.5,47.13074284570757
0.835,0.13,0.035,47.74187,176.43546,79.20076,408.4903,0.0,47.927729600205566
0.835,0.13,0.035,49.95739,180.3685,82.94276,409.13626,2.0,46.69821919201058
0.845,0.115,0.04,51.3136,180.30518,83.267426,410.63626,0.0,46.658511544097564
0.835,0.13,0.035,49.915985,177.57233,80.70262,389.57715,0.0,45.939550319722905
0.845,0.12,0.035,51.859047,181.02446,80.540085,398.57715,0.82353115,45.50615450997065
0.845,0.12,0.035,51.125877,182.1855,81.918274,407.57715,1.166667,45.72023815741704
0.86,0.11,0.03,52.184002,184.2007,80.295975,416.57715,0.0,44.610398353237535
0.87,0.11,0.02,53.38479,186.59726,76.75782,425.57715,0.0,43.14142699560034
0.875,0.11,0.015,52.81185,192.28583,75.20195,429.57715,1.1617727,43.83305086498876
0.885,0.1,0.015,52.127068,193.63226,74.7788,439.06882,1.0,44.31339059380115
0.89,0.1,0.01,52.71338,203.09048,75.710625,448.06882,0.5,44.684585739145405
0.895,0.095,0.01,54.672657,198.98178,74.30413,457.06882,1.5,43.21663968449138
0.895,0.095,0.01,55.600925,200.90753,76.60362,466.0063,0.0,42.90128816885408
0.89,0.1,0.01,55.032116,200.80606,76.75633,473.81827,1.4586039,42.83462011982192
0.885,0.11,0.005,55.704136,208.40152,78.26834,482.81827,2.4586039,42.606876599296804
0.885,0.11,0.005,56.599064,213.82176,79.923134,491.81827,0.5,42.56721668881436
0.89,0.105,0.005,56.582035,220.55359,79.91428,495.81827,1.5,42.907597502337005
0.89,0.105,0.005,58.077126,224.15639,81.833954,499.81827,0.0,42.94283530463872
0.9,0.095,0.005,57.977165,231.85411,80.6555,504.7087,0.6380482,43.16925121388704
0.905,0.085,0.01,57.8691,227.89153,81.37472,508.3555,0.0,44.31571844821428
0.91,0.085,0.005,57.73424,233.8681,79.71935,515.6837,1.0,44.37581542280531
0.91,0.085,0.005,59.3979,240.32185,83.291725,525.95795,2.2657166,44.41785727722162
0.83,0.135,0.035,52.280968,170.17776,79.418884,354.39545,0.9436979,43.46298377124913
0.825,0.14,0.035,52.788647,170.34705,81.8723,363.70258,2.0,43.518622254094225
0.825,0.15,0.025,51.629456,170.68695,79.70071,361.36115,0.0,43.43317485699663
0.83,0.14,0.03,52.93421,172.20193,81.86375,369.0384,1.0,43.480378830652626
0.845,0.125,0.03,53.19669,173.37067,79.18172,377.1448,1.7011337,43.55595805311896
0.845,0.125,0.03,54.58494,176.00533,81.084915,381.1448,3.0,43.17776001051243
0.85,0.115,0.035,55.055355,176.6524,81.402016,390.1448,0.62592316,43.67266208455112
0.855,0.11,0.035,55.88349,181.23128,82.699455,399.1448,0.0,43.61838645476382
0.81,0.135,0.055,51.160175,150.90729,79.181694,353.42917,1.0,43.213776798249455
0.785,0.17,0.045,51.881725,148.34407,81.842545,345.91534,0.5,41.13917042062894
0.775,0.18,0.045,52.14393,145.65227,82.9773,346.91534,1.0,40.40666384711949
0.775,0.18,0.045,52.984653,148.48361,85.287674,347.91534,3.0,40.273626727066585
0.745,0.21,0.045,51.26826,144.56932,87.38789,343.91534,5.0,40.40944552948349
0.76,0.2,0.04,53.383797,149.35852,87.92794,354.91534,5.0,40.41573901521042
0.78,0.18,0.04,54.273605,152.68134,88.78299,360.91534,1.0,40.99276477890817
0.78,0.18,0.04,53.809933,156.09026,89.45847,366.91534,1.0,41.80822912910662
0.78,0.18,0.04,52.070946,159.01103,88.33414,367.91534,0.0,43.45802370271121
0.78,0.18,0.04,51.91319,161.14325,90.34325,373.68472,1.0,43.17547402228229
0.79,0.175,0.035,51.336075,164.6937,87.453545,378.0112,1.0,43.595774876746866
0.815,0.155,0.03,52.46454,167.89694,87.95233,383.32944,1.0,43.20666253341187
0.835,0.135,0.03,54.433575,173.43031,88.19677,390.54663,2.0,43.08698176746839
0.835,0.135,0.03,54.698986,173.23633,90.01734,398.1617,4.0,43.10701519873692
0.83,0.14,0.03,55.587036,175.10703,91.76187,403.91656,5.0,42.838121406850405
0.825,0.145,0.03,56.37088,176.74399,93.81212,407.24982,1.0,42.78805189263221
0.825,0.15,0.025,57.01807,178.97926,95.22979,417.59256,5.8876114,42.41371938950033
0.84,0.135,0.025,57.292805,179.85294,93.382095,428.2852,2.1376114,43.0814123958262
0.85,0.125,0.025,58.060284,184.12746,93.39136,439.2852,5.0,43.75993516421294
0.835,0.14,0.025,56.301525,183.29817,93.79455,435.2852,3.5987854,44.73077075823676
0.825,0.15,0.025,54.071693,183.2691,93.76845,431.2852,0.0,45.74876016889175
0.835,0.145,0.02,55.794846,187.23418,94.272354,439.7387,2.0488253,44.94355166782042
0.83,0.155,0.015,56.26707,188.49118,93.73282,444.73816,1.3902683,44.28032298080506
0.78,0.21,0.01,50.03173,176.73006,87.03405,372.01266,0.5673814,43.91319226281484
0.785,0.205,0.01,50.860287,178.15596,84.23588,376.01266,0.14404488,43.66130272149894
0.75,0.2,0.05,48.015125,156.05045,80.995346,321.5289,0.8843112,42.9112197383074
0.76,0.19,0.05,49.44062,159.92995,81.63737,325.5289,5.0,42.90265485487179
0.76,0.185,0.055,47.24952,155.7894,79.60571,329.5289,1.0,44.30514622828923
0.745,0.205,0.05,43.450035,149.57095,77.25678,331.0289,1.0,45.51801543936017
0.75,0.19,0.06,42.557423,148.63457,78.099655,332.5289,0.0,46.86006364085188
0.77,0.18,0.05,42.429203,148.74535,76.26533,336.5289,1.0,47.04568252336321
0.775,0.175,0.05,44.498863,152.8596,78.035965,344.5973,1.3596497,46.43896043508721
0.795,0.17,0.035,45.49664,161.69283,78.61824,358.5973,0.0,45.792965666340024
0.805,0.165,0.03,46.70025,164.29037,80.74508,362.5973,1.3596497,44.872208651475376
0.8,0.175,0.025,46.71595,162.87286,80.21145,366.5973,1.3596497,44.468461425072746
0.79,0.185,0.025,47.55475,161.1703,81.88598,370.5973,4.8996124,43.48867047028033
0.795,0.185,0.02,49.479652,167.54053,84.05613,374.5973,1.0,43.26894063720828
0.805,0.175,0.02,48.822136,167.13612,82.81403,378.5973,3.0,43.70572808891301
0.825,0.155,0.02,49.093765,165.97635,80.882065,377.5973,0.3183117,43.58085008190573
0.82,0.16,0.02,47.784435,166.41956,81.425705,376.5973,0.0,44.43777958130522
0.825,0.155,0.02,47.64314,168.45615,81.02797,380.5973,0.0,44.972341806816985
0.82,0.16,0.02,48.540894,169.59612,80.78362,384.5973,4.0,43.97942647649324
